index,page_id,system_dicision,crowd_dicision,correct,text,attribute,system_out,crowd_out
0,252336,0,0,0,['ヘラブナ'],別名,0.16666666666666666,0.0
1,687963,0,1,1,['ジュンサイ'],植物,0.5,1.0
2,951230,0,1,0,['漁業'],産業,0.16666666666666666,0.7
3,443223,1,1,1,"['カルデラ', '湖']",種類,0.8333333333333334,0.9
4,143182,0,1,0,"['ゆ', 'ー', 'ぷる']",観光地,0.16666666666666666,0.8
5,2392372,0,0,0,"['六', '角川']",流入・流出河川,0.16666666666666666,0.5
6,1054775,1,1,1,['アメリカ合衆国'],国,0.8333333333333334,1.0
7,54796,0,0,0,"['ヴォルガ', '川']",流入・流出河川,0.5,0.5
8,1772665,0,0,0,"['Salvelinus', '▁', 'boganidae']",別名,0.16666666666666666,0.1
9,196428,1,1,1,['コイ'],動物,0.6666666666666666,0.7
10,666291,1,1,1,"['カルデラ', '湖']",種類,0.8333333333333334,1.0
11,2978850,0,1,0,"['ワイオミング', '州']",所在地,0.3333333333333333,0.6
12,196428,0,1,0,"['およそ', '2', '万', '年', '前', '、', '海面', 'が', '著しく', '低下', 'し', 'て', 'い', 'た', '際', 'に', '形成', 'さ', 'れ', 'た', '下総台地', 'の', '侵食', '谷', 'が', '起源', 'で', '、', '縄文', '海', '進', '時', 'に', 'は', '地盤', '沈降', 'により', '溺れ谷', 'と', 'なり', '香取', '海', '（', '古', '鬼怒', '湾', '）', 'と', '呼ば', 'れ', 'た', '海', 'の', '一部', 'で', 'あっ', 'た', '。', '奈良', '時代', '頃', 'に', 'は', '香取', '海', 'の', '海', '退', 'とともに', '、', '鬼怒川', 'から', '洪水', 'によって', '運搬', 'さ', 'れ', 'た', '土砂', 'が', '沼', 'へ', '向っ', 'て', '流れ込む', 'など', 'し', 'て', '（', '三角州', 'の', '形成', 'が', '認め', 'られる', '）', '、', '次第に', '出口', 'が', 'せき止め', 'られ', '沼', 'が', '形成', 'さ', 'れ', 'た']",成因,0.16666666666666666,0.8
13,2493111,0,0,1,"['浅間', '川']",流入・流出河川,0.3333333333333333,0.4
14,2040069,1,1,1,"['マカリカリ', '塩', '湖']",別名,0.6666666666666666,1.0
15,2354120,1,1,1,"['163', '▁', 'km', '3']",貯水量,0.8333333333333334,1.0
16,2978850,0,0,0,"['自然', '橋']",橋・トンネル,0.16666666666666666,0.5
17,512545,0,0,1,['桜川'],流入・流出河川,0.5,0.5
18,679269,1,1,1,['淡水'],水質（淡水・汽水）,0.8333333333333334,1.0
19,196428,0,0,0,"['11', '.', '011', '.', '010', '.', '012', '.', '010', '.', '09', '.', '59', '.', '18', '.', '69', '.', '48', '.', '18', '.', '6118', '.', '58', '.', '68', '.', '91111', '北', '印旛沼', '中央', '9', '.', '510', '.', '012', '.', '011', '.', '010', '.', '09', '.', '48', '.', '89', '.', '09', '.', '49', '.', '89', '.', '211']",透明度,0.16666666666666666,0.1
20,536433,1,1,1,['人造湖'],種類,0.8333333333333334,1.0
21,951230,0,0,0,"['黄', '緑藻類']",動物,0.16666666666666666,0.3
22,145876,0,0,0,"['約', '2', '万', '年', '前']",形成時期,0.3333333333333333,0.2
23,666291,0,0,0,['ᠲᠠᠮᡠᠨᠣᠮᠣ'],動物,0.16666666666666666,0.0
24,3260984,0,1,0,"['カイロ', 'の', '南西', '80', 'km', '付近']",所在地,0.3333333333333333,1.0
25,1114951,0,0,0,['鹿'],別名,0.16666666666666666,0.0
26,951230,0,0,0,"['生態', '系']",動物,0.16666666666666666,0.0
27,2978850,0,0,0,"['水力', '発電']",産業,0.3333333333333333,0.5
28,530799,0,0,0,['タモロコ'],別名,0.16666666666666666,0.1
29,1427572,1,1,1,['沼'],種類,0.8333333333333334,1.0
30,2978850,0,0,0,['カワホトトギスガイ'],動物,0.16666666666666666,0.3
31,2267968,0,1,1,"['久美', 'の', '浜', '温泉']",観光地,0.5,1.0
32,2159741,0,0,0,"['北緯', '28', '度', '56', '分']",島,0.16666666666666666,0.5
33,54796,0,1,0,['ロシア'],国,0.16666666666666666,0.7
34,530799,0,1,0,['アベマキ'],植物,0.5,0.9
35,3415799,0,1,0,"['フレーザー', '川']",流入・流出河川,0.3333333333333333,0.8
36,192531,0,1,0,['エルジシュ'],湖岸の地域区分,0.16666666666666666,0.7
37,881742,0,0,0,"['ミジンコ', '類']",別名,0.16666666666666666,0.1
38,2354120,0,1,0,"['淡海', '耕地', '整理', '組合', 'により', '赤坂', '川', '上流', 'の', '窪地', 'に', '堰堤', 'を', '着手', '、', '大正', '12', '年', 'に', '1923', '年', 'に', '完成', 'し', 'た']",成因,0.16666666666666666,1.0
39,54796,0,0,0,['中央アジア'],所在地,0.16666666666666666,0.3
40,2384665,0,1,0,['昭和'],形成時期,0.16666666666666666,0.9
41,2267968,0,0,0,['小'],橋・トンネル,0.16666666666666666,0.1
42,344043,0,1,1,"['焼岳', 'が', '1915', '年', 'に', '噴火', 'し', '、', '泥', '流', 'によって', '梓川', 'が', '堰き', '止め', 'られ', 'て', '形成', 'さ', 'れ', 'た']",成因,0.16666666666666666,1.0
43,141263,0,1,0,['シジミ'],動物,0.16666666666666666,0.6
44,252336,1,1,1,"['多々良', '川']",流入・流出河川,0.8333333333333334,0.8
45,512545,0,0,0,"['東経', '140', '度', '27', '分', '35', '秒']",幅,0.16666666666666666,0.3
46,1054775,0,0,0,['クサリカワカマス'],別名,0.16666666666666666,0.1
47,196428,0,1,1,"['西部', '調節', '池']",構成する湖沼,0.3333333333333333,0.8
48,666576,0,0,0,['トモエガモ'],別名,0.16666666666666666,0.0
49,312243,0,1,0,['イストルミラマ'],湖岸の地域区分,0.16666666666666666,0.6
50,951230,0,0,0,['オーストラリア'],国,0.3333333333333333,0.0
51,951230,0,1,0,"['津堅島', '、', '久高島', 'を', '含む', 'サンゴ礁', 'によって', '囲ま', 'れ', 'た', '中城湾', 'の', '北部']",所在地,0.16666666666666666,0.9
52,143182,0,1,1,['観光'],産業,0.16666666666666666,1.0
53,141263,0,1,0,['貝'],動物,0.3333333333333333,0.7
54,183867,1,1,1,['ヒメマス'],動物,0.6666666666666666,0.9
55,2978850,0,1,0,"['リーズフェリー', '小', '地区']",湖岸の地域区分,0.16666666666666666,0.7
56,1570369,0,0,0,['ジブラルタル'],別名,0.16666666666666666,0.0
57,1054775,0,0,0,"['South', '▁', 'Pond']",別名,0.16666666666666666,0.2
58,1054775,0,1,1,"['ウェブスター', '湖']",別名,0.5,1.0
59,3249598,0,0,0,['ヒシクイ'],別名,0.16666666666666666,0.0
60,192531,0,1,1,"['430', 'キロメートル']",周囲長,0.5,1.0
61,1250740,0,0,0,"['ジャンボ', 'スズキ']",別名,0.16666666666666666,0.2
62,192531,0,1,0,"['12', ',', '500', '▁', 'km', '2']",面積,0.16666666666666666,1.0
63,192531,0,0,0,"['1', '▁', '岸']",湖岸の地域区分,0.16666666666666666,0.1
64,97785,0,1,0,['淡水'],水質（淡水・汽水）,0.16666666666666666,1.0
65,1014896,0,1,1,['池'],種類,0.5,1.0
66,2032404,0,1,0,"['アスファルト', '湖']",種類,0.16666666666666666,1.0
67,54796,0,1,0,"['カスピ', 'の', '名', 'は', '古代', 'に', '南西', '岸', 'に', 'い', 'た', 'カス', '族', 'あるいは', 'カスピ', '族', 'に', '由来', 'する']",名前の謂れ,0.16666666666666666,1.0
68,530799,0,0,0,"['みぞ', 'ろ', '（', 'が', '）', 'いけ']",動物,0.16666666666666666,0.0
69,2032404,0,0,0,['ブレ'],最大水深,0.16666666666666666,0.0
70,196428,0,0,0,"['城址', '公園']",観光地,0.16666666666666666,0.5
71,172318,0,0,0,"['東経', '143', '度', '52', '分', '33', '秒']",幅,0.16666666666666666,0.2
72,3113847,0,0,0,"['忍', '城主', 'の', '阿部', '正', '允', 'により', '建て', 'られ', 'た']",成因,0.3333333333333333,0.4
73,569950,0,1,0,"['昭和', '29', '年']",形成時期,0.16666666666666666,0.6
74,183867,0,0,0,['中禅寺湖'],別名,0.16666666666666666,0.3
75,376231,0,0,0,"['北緯', '36', '度', '35', '分', '53', '秒']",島,0.16666666666666666,0.1
76,435939,0,1,1,['淡水'],水質（淡水・汽水）,0.16666666666666666,1.0
77,27167,0,1,0,['観光'],産業,0.5,0.7
78,54796,0,0,0,['ア'],国,0.16666666666666666,0.0
79,192531,0,0,0,['塩'],水質（淡水・汽水）,0.16666666666666666,0.5
80,3027103,0,0,0,"['本栖湖', 'と', '西湖', 'の', '湖水', 'が', '発電', '用']",所在地,0.16666666666666666,0.2
81,687963,0,1,1,"['火山', '湖']",種類,0.3333333333333333,0.8
82,881742,0,1,0,"['4', ',', '503', '▁', 'km', '²']",面積,0.16666666666666666,0.8
83,196428,0,0,0,"['平戸', '村']",湖岸の地域区分,0.16666666666666666,0.1
84,3249598,0,0,0,['マガモ'],別名,0.16666666666666666,0.0
85,2384665,0,0,0,['西原'],国,0.16666666666666666,0.0
86,512545,1,1,1,"['3', '.', '0', '▁', '▁', 'km']",周囲長,0.8333333333333334,1.0
87,3260984,0,1,0,"['カールーン', '湖']",別名,0.16666666666666666,0.6
88,376231,0,0,1,['観光'],産業,0.3333333333333333,0.5
89,2802797,0,1,1,['リオ・グランデ・デパルタメント'],湖岸の地域区分,0.16666666666666666,0.7
90,1014896,1,1,1,"['ノ', 'ハナショウブ']",植物,0.6666666666666666,0.9
91,3027103,0,0,0,"['北緯', '35', '.', '48861', '度']",島,0.16666666666666666,0.4
92,145876,0,0,0,"['天', '鏡', '湖']",動物,0.16666666666666666,0.1
93,143182,0,0,0,['木'],観光地,0.16666666666666666,0.0
94,1736120,1,1,1,"['あ', 'ざみぬま']",読み,0.8333333333333334,1.0
95,951230,0,1,0,['クルマエビ'],動物,0.5,0.7
96,1050701,0,0,0,['大池'],動物,0.16666666666666666,0.1
97,838764,0,1,1,['池沼'],種類,0.5,0.9
98,172318,0,0,0,['ヒメマス'],別名,0.16666666666666666,0.0
99,2384665,0,0,0,"['ヶ', '池', '県', '定', '公園']",公園,0.16666666666666666,0.2
100,97785,1,1,1,"['75', '▁', '▁', 'm']",水面標高,0.8333333333333334,1.0
101,2390786,0,1,0,"['親水', '公園']",公園,0.5,1.0
102,2978850,0,0,0,['560'],成因,0.16666666666666666,0.0
103,192615,0,1,1,"['48', '▁', 'km']",幅,0.5,1.0
104,2978850,0,1,0,"['アリゾナ', '州']",湖岸の地域区分,0.16666666666666666,0.7
105,2493111,0,1,1,"['埼玉', '県', '加須', '市', '旗井']",所在地,0.5,1.0
106,159245,0,0,0,"['西経', '87', '度']",幅,0.16666666666666666,0.2
107,881742,0,0,0,"['北極', 'イワナ']",別名,0.16666666666666666,0.0
108,54796,0,0,1,['アゼルバイジャン'],国,0.3333333333333333,0.4
109,3249598,1,1,1,['ハクチョウ'],動物,0.6666666666666666,1.0
110,1096642,0,1,0,['ハンノキ'],植物,0.3333333333333333,0.6
111,436539,0,0,0,"['北緯', '40', '度', '50', '分', '18', '秒']",島,0.16666666666666666,0.5
112,407959,0,1,0,['淡水'],水質（淡水・汽水）,0.16666666666666666,1.0
113,54796,0,0,0,['日本'],国,0.16666666666666666,0.0
114,2267968,0,0,0,"['20', '.', '6', '▁', 'm']",成因,0.16666666666666666,0.0
115,666576,0,0,0,"['20', 'px']",透明度,0.16666666666666666,0.4
116,3249598,0,1,0,"['水尻', '地区']",湖岸の地域区分,0.16666666666666666,1.0
117,530799,0,0,0,"['ろ', 'いけ', 'ば', 'た']",別名,0.16666666666666666,0.1
118,2802797,0,1,0,"['フエゴ', '島']",島,0.16666666666666666,0.8
119,312243,0,1,1,['Rognac'],湖岸の地域区分,0.3333333333333333,0.9
120,143182,0,0,0,['フナ'],別名,0.16666666666666666,0.0
121,1096642,0,1,1,"['調節', '池']",種類,0.5,0.9
122,141263,1,1,1,['カレイ'],動物,0.6666666666666666,0.8
123,54796,0,1,1,['ロシア'],国,0.5,0.8
124,1681249,0,1,1,['エダム・フォレンダム'],湖岸の地域区分,0.5,0.7
125,3249598,0,1,1,['ヒドリガモ'],動物,0.5,0.8
126,2378497,0,1,0,['湖'],種類,0.3333333333333333,0.8
127,470196,0,0,0,['御池'],別名,0.16666666666666666,0.0
128,183867,1,1,1,['カワマス'],動物,0.6666666666666666,0.9
129,666576,0,1,1,['ミシシッピアカミミガメ'],動物,0.5,0.8
130,1772665,0,0,0,"['S', '.', '▁', 'elg']",別名,0.16666666666666666,0.0
131,159245,0,0,0,['氷河'],透明度,0.16666666666666666,0.0
132,2978850,0,0,0,['Lake'],別名,0.16666666666666666,0.0
133,407959,0,1,0,"['この', '湖', 'を', 'Cocibolca', '湖', '又は', 'Dulce', '湖', '（', '「', '甘い', '海', '」', 'の', '意味', '）']",名前の謂れ,0.16666666666666666,0.7
134,134839,0,1,0,"['標津', '郡', '標津', '町']",湖岸の地域区分,0.16666666666666666,0.6
135,881742,0,0,0,['羊'],動物,0.5,0.4
136,2267968,0,0,0,['ハマグリ'],別名,0.16666666666666666,0.0
137,951230,0,1,0,['カワツルモ'],植物,0.3333333333333333,0.9
138,172318,0,1,1,['チミケップ川'],流入・流出河川,0.5,0.9
139,54796,0,0,0,['アストラハン'],国,0.16666666666666666,0.3
140,951230,0,0,0,['南西諸島'],島,0.16666666666666666,0.5
141,399336,0,0,0,"['南北', '1', '～', '1', '.', '5', 'キロメートル', 'の', '東西', 'に', '細長く', '広がる', '小さな', '湖']",成因,0.16666666666666666,0.2
142,97785,1,1,1,"['氷河', '湖']",成因,0.6666666666666666,0.9
143,141263,1,1,1,['ウグイ'],動物,0.6666666666666666,0.8
144,54796,0,0,0,['ダ'],国,0.16666666666666666,0.0
145,141263,0,1,0,"['里', '森林公園']",公園,0.16666666666666666,0.7
146,1681249,0,1,1,['ホールン'],湖岸の地域区分,0.5,0.8
147,183867,0,0,0,"['東経', '139', '.', '46222', '度']",幅,0.16666666666666666,0.2
148,2978850,1,1,1,"['サンフアン', '川']",流入・流出河川,0.8333333333333334,0.8
149,145876,0,1,0,['酸性'],水質（淡水・汽水）,0.16666666666666666,0.9
150,3260984,0,0,0,"['モエリス', '湖']",別名,0.16666666666666666,0.0
151,881742,0,0,0,"['642', '▁', 'km']",幅,0.16666666666666666,0.2
152,2388853,0,0,0,"['北緯', '33', '.', '75500', '度']",島,0.16666666666666666,0.3
153,2966274,0,0,0,"['東経', '138', '度', '16', '分', '5', '.', '82', '秒']",幅,0.16666666666666666,0.3
154,881742,0,0,0,['エステルイェートランド'],所在地,0.16666666666666666,0.4
155,196428,0,0,0,"['栄', '町']",湖岸の地域区分,0.16666666666666666,0.4
156,2978850,0,0,0,['貯'],成因,0.16666666666666666,0.1
157,134839,0,0,0,"['北緯', '43', '度', '18', '分', '0', '秒']",島,0.16666666666666666,0.2
158,666576,0,1,1,['コハクチョウ'],動物,0.5,0.9
159,141263,0,0,0,['ショウジョウバカマ'],別名,0.16666666666666666,0.0
160,435939,0,1,0,"['静岡', '県', '沼津', '市', '西浦江梨', '、']",所在地,0.16666666666666666,1.0
161,1014896,1,1,1,"['愛知', '県', '刈谷', '市', '井ヶ谷', '町', '小堤', '西', '1']",所在地,0.8333333333333334,1.0
162,3323513,0,1,0,['湖'],種類,0.16666666666666666,0.9
163,1250740,0,1,0,"['フランス語', 'で', '「', '千', 'の', '湖', '」', 'を', '意味', 'する']",名前の謂れ,0.3333333333333333,1.0
164,881742,0,1,0,['ビシングショ'],島,0.16666666666666666,1.0
165,1570369,1,1,1,['ケニア'],国,0.6666666666666666,1.0
166,2966274,0,0,0,"['平均', 'で', '4', 'メートル']",最大水深,0.16666666666666666,0.5
167,2378497,1,1,1,"['30', '▁', 'km', '²']",面積,0.6666666666666666,1.0
168,2978850,0,0,0,"['Lake', '▁', 'Powell']",動物,0.16666666666666666,0.1
169,54796,0,1,0,['ロシア'],国,0.3333333333333333,0.8
170,192615,0,0,0,"['Bukhtarma', '▁', 'dam']",動物,0.3333333333333333,0.1
171,687963,0,0,0,['メダカ'],別名,0.16666666666666666,0.0
172,1146256,1,1,1,['湖'],種類,0.6666666666666666,0.9
173,134839,0,0,0,"['浜中', '町']",湖岸の地域区分,0.16666666666666666,0.4
174,183867,0,1,0,['日光'],観光地,0.16666666666666666,0.9
175,2802797,0,1,1,"['10', 'km', '以下']",長さ,0.16666666666666666,0.9
176,1114951,0,1,0,['鵜飼'],産業,0.16666666666666666,0.8
177,2978850,1,1,1,"['サンフアン', '川']",流入・流出河川,0.8333333333333334,1.0
178,2159741,1,1,1,['中華人民共和国'],国,0.8333333333333334,1.0
179,951230,0,1,1,['ムナグロ'],動物,0.5,0.9
180,3550700,1,1,1,"['フォンデュラク', '川']",流入・流出河川,0.6666666666666666,0.8
181,2032404,0,1,0,"['トリニダード・トバゴ', '▁', 'トリニダード', '島', 'ラ', '・', 'ブレア']",所在地,0.16666666666666666,1.0
182,2978850,0,1,1,['カワカマス'],動物,0.5,0.7
183,1163585,1,0,0,"['鴻', '沼川']",流入・流出河川,0.6666666666666666,0.5
184,54796,0,0,0,['グルジア'],国,0.3333333333333333,0.3
185,143182,0,1,1,"['稲尾', '沢川']",流入・流出河川,0.5,1.0
186,2280167,0,0,0,"['138', '平方キロ']",面積,0.3333333333333333,0.5
187,1690143,0,0,0,"['228', '▁', 'm']",成因,0.16666666666666666,0.1
188,2392372,0,1,0,['小池'],種類,0.16666666666666666,0.8
189,486835,0,0,0,"['東経', '33', '度', '0', '分']",幅,0.16666666666666666,0.4
190,1570369,1,1,1,"['ペル', 'ケラ', '川']",流入・流出河川,0.8333333333333334,1.0
191,252336,1,1,1,['ヨシ'],植物,0.6666666666666666,0.9
192,1570369,0,1,1,"['Ol', '▁', 'Kokwe', '島']",島,0.3333333333333333,1.0
193,3550700,1,1,1,"['ファー', '島']",島,0.6666666666666666,0.7
194,2354120,0,1,0,"['北緯', '35', '.', '44917', '度']",島,0.16666666666666666,0.7
195,3550700,0,0,0,['スーター'],島,0.16666666666666666,0.0
196,881742,0,0,0,['ヴァドステナ'],島,0.16666666666666666,0.0
197,143182,0,1,0,"['長野', '県']",湖岸の地域区分,0.16666666666666666,0.9
198,1303518,1,1,1,['湖'],種類,0.8333333333333334,1.0
199,54796,0,0,0,['ウズボイ'],別名,0.16666666666666666,0.0
200,1146256,1,1,1,['フィンランド'],国,0.8333333333333334,1.0
201,2978850,0,1,1,"['スリー', '・', 'ルーフ', '遺跡']",観光地,0.5,0.9
202,1594389,1,1,1,"['長野', '県', '北安曇', '郡', '小谷', '村']",所在地,0.8333333333333334,1.0
203,2267968,0,0,0,"['1913', '年']",形成時期,0.16666666666666666,0.5
204,2388853,0,1,0,['昭和'],形成時期,0.16666666666666666,0.8
205,443223,1,1,1,"['アサハン', '川']",流入・流出河川,0.8333333333333334,0.9
206,312243,0,0,0,"['潟', '湖']",種類,0.16666666666666666,0.4
207,1050701,0,1,0,"['3', '.', '7', '[', '1', ']']",周囲長,0.16666666666666666,0.9
208,1463539,0,1,0,"['中世', 'に', '灌漑用', 'として', '造ら', 'れ', 'た']",成因,0.16666666666666666,0.8
209,3249598,0,0,0,"['東経', '134', '度', '5', '分', '38', '.', '30', '秒']",幅,0.16666666666666666,0.3
210,1463539,1,1,1,"['約', '13', 'ヘクタール']",面積,0.6666666666666666,1.0
211,3260984,0,1,1,"['カールーン', '湖']",構成する湖沼,0.16666666666666666,0.6
212,159245,0,0,0,"['北緯', '44', '度']",島,0.16666666666666666,0.2
213,344043,0,1,1,['上高地'],所在地,0.16666666666666666,0.8
214,27167,0,1,0,['漁業'],産業,0.3333333333333333,0.8
215,1154671,0,0,0,"['東経', '140', '度', '14', '分', '34', '秒']",幅,0.16666666666666666,0.2
216,951230,0,0,0,['ホソウミヒルモ'],動物,0.16666666666666666,0.3
217,143182,0,1,0,"['糸魚川', '静岡', '構造', '線', 'による', '地溝', '上', 'に', '出来', 'た']",成因,0.3333333333333333,0.8
218,687963,0,0,0,"['キン', 'ブナ']",別名,0.16666666666666666,0.2
219,1681249,1,1,1,"['約', '700', '▁', 'km', '2']",面積,1.0,1.0
220,2239242,1,1,1,['ため池'],種類,0.8333333333333334,1.0
221,1954629,0,0,0,['イレボ'],湖岸の地域区分,0.3333333333333333,0.2
222,951230,0,1,0,['干潟'],種類,0.16666666666666666,1.0
223,2978850,0,1,0,"['ネブラスカ', '州']",湖岸の地域区分,0.5,0.6
224,196428,0,0,0,['市'],湖岸の地域区分,0.16666666666666666,0.1
225,344043,0,1,0,"['松本', '市']",所在地,0.16666666666666666,0.9
226,2978850,0,0,0,"['.', '28944', '度', '▁', '西経', '1']",島,0.16666666666666666,0.2
227,2606120,0,1,1,"['井田', 'の', '明神池']",別名,0.3333333333333333,1.0
228,951230,0,0,0,['南西諸島'],島,0.16666666666666666,0.5
229,2280167,0,0,0,"['小', 'プレス', 'パ', '湖']",動物,0.16666666666666666,0.1
230,312243,0,1,1,"['6', 'm', 'から', '9', 'm']",水深,0.16666666666666666,1.0
231,1250740,0,0,0,"['サウスダコタ', '州']",湖岸の地域区分,0.3333333333333333,0.0
232,159245,0,1,0,"['南側', 'から', '時計', '回り', 'に', 'インディアナ', '州', '、', 'イリノイ', '州', '、', 'ウィスコンシン', '州', '、', 'ミシガン', '州', 'に', '囲ま', 'れ', 'て', 'いる']",所在地,0.16666666666666666,1.0
233,134839,0,0,0,"['北緯', '43', '.', '30000', '度']",島,0.16666666666666666,0.4
234,407959,0,1,1,"['Solentiname', '列島']",島,0.5,0.8
235,3249598,0,0,0,"['水', '後', '池']",動物,0.16666666666666666,0.2
236,1954629,0,0,0,"['Stanley', '▁', 'Pool']",動物,0.16666666666666666,0.0
237,141263,0,1,1,"['高架', '沼']",別名,0.16666666666666666,1.0
238,470196,0,0,0,"['神武', '天皇', 'が', '幼少', 'の', '頃', '、', '皇子', '港', 'の', '水辺', 'で', '遊ん', 'だ', 'という', '伝説']",名前の謂れ,0.16666666666666666,0.2
239,145876,0,0,0,"['東経', '140', '度', '06', '分']",幅,0.16666666666666666,0.5
240,2802797,0,0,0,['ブエノスアイレス'],湖岸の地域区分,0.16666666666666666,0.1
241,3550700,0,0,0,['Black'],別名,0.16666666666666666,0.2
242,312243,0,1,1,"['le', '▁', 'canal', '▁', 'de', '▁', 'Caronte']",流入・流出河川,0.16666666666666666,0.9
243,2390786,0,1,0,['桜'],植物,0.5,0.9
244,2978850,0,0,0,['ダム'],種類,0.16666666666666666,0.2
245,192531,1,1,0,"['820', '▁', 'ft']",最大水深,0.6666666666666666,0.9
246,54796,1,1,1,['ロシア'],国,0.6666666666666666,0.8
247,192531,0,0,0,"['Akdamar', '▁', 'Island']",別名,0.16666666666666666,0.2
248,881742,0,1,0,"['一説', 'で', 'は', 'スウェーデン', '語', 'の', '「', '水', '」', 'にあたる', '""', 'vatten', '""', 'に', '基づく', 'もの', 'と', 'さ', 'れ', 'て', 'いる', '。', 'しかしながら', '、', 'この', '起源', 'は', '不', '明確', 'で', '論争', 'の', '中', 'に', 'ある', '。', '森', 'または', '湖', 'の', '精', 'を', '意味', 'する', '古代', 'の', '言葉', '""', 'vätter', '""', 'が', '湖', 'の', '名前', 'の', '起源', 'だ', 'と', 'も', '提唱', 'さ', 'れ', 'て', 'いる']",名前の謂れ,0.16666666666666666,1.0
249,951230,0,0,0,"['藻', '場']",種類,0.16666666666666666,0.4
250,1564352,1,1,1,"['山形', '県', '鶴岡', '市']",所在地,0.8333333333333334,1.0
251,2267968,0,1,0,"['20', '.', '6', '▁', 'm']",水深,0.16666666666666666,0.9
252,2267968,1,1,1,"['京都', '府', '京', '丹後', '市']",所在地,0.8333333333333334,1.0
253,666291,0,1,0,['チャイニーズ・ネッシー'],動物,0.16666666666666666,0.6
254,2978850,0,0,0,"['カリフォルニア', '州']",湖岸の地域区分,0.5,0.2
255,1014896,1,1,1,"['愛知', '県', '刈谷', '市', '井ヶ谷', '町', '小堤', '西', '1']",所在地,0.6666666666666666,1.0
256,951230,0,1,1,['干潟'],種類,0.5,1.0
257,3249598,0,0,0,['オオバン'],別名,0.16666666666666666,0.0
258,960251,0,0,0,['マンデヴィル'],動物,0.16666666666666666,0.1
259,666576,0,0,0,"['オナガ', 'ガモ']",別名,0.16666666666666666,0.0
260,159245,1,1,1,['アメリカ合衆国'],国,0.8333333333333334,1.0
261,2433098,0,0,0,['落悪'],流入・流出河川,0.16666666666666666,0.3
262,97785,0,1,0,"['オンタリオ', '州']",所在地,0.16666666666666666,0.7
263,1681666,1,1,1,['スイス'],国,0.8333333333333334,1.0
264,196428,0,1,1,"['成田', '市']",湖岸の地域区分,0.5,0.9
265,2032404,0,0,0,"['サンタ', 'バーバラ']",湖岸の地域区分,0.16666666666666666,0.5
266,54796,0,1,0,['中央アジア'],所在地,0.16666666666666666,0.9
267,1681666,1,1,1,"['417', '▁', '▁', 'm']",水面標高,1.0,1.0
268,134839,0,1,1,['別当賀川'],流入・流出河川,0.5,0.9
269,436539,0,0,0,"['東経', '14', '.', '07500', '度']",幅,0.16666666666666666,0.3
270,530799,0,0,0,"['みぞ', 'ろ', 'が', 'いけ']",動物,0.16666666666666666,0.0
271,838764,0,0,0,['農業'],産業,0.16666666666666666,0.4
272,3517196,1,1,1,['淡水'],水質（淡水・汽水）,0.8333333333333334,0.9
273,192531,0,0,0,['エルジシュ'],最大水深,0.16666666666666666,0.1
274,172318,1,1,1,['日本'],国,0.8333333333333334,1.0
275,1114951,1,1,1,"['約', '249', 'km', '2']",面積,0.6666666666666666,1.0
276,192531,0,1,0,"['270', '▁', 'mi']",長さ,0.3333333333333333,0.9
277,141263,1,1,1,['ゴリ'],動物,0.6666666666666666,0.7
278,54796,0,1,1,['トルクメニスタン'],国,0.3333333333333333,0.8
279,2267968,0,1,0,['養殖'],産業,0.16666666666666666,1.0
280,2358976,0,1,1,['カルデラ'],種類,0.5,1.0
281,312243,0,1,1,['ヴィトロル'],湖岸の地域区分,0.3333333333333333,0.6
282,141263,1,1,1,['ヨシ'],植物,0.8333333333333334,0.8
283,2606120,0,1,0,"['駿河湾', 'に', '生じ', 'た', '砂嘴', 'の', '開']",成因,0.16666666666666666,0.7
284,2354120,1,1,1,"['0', '.', '8', '▁', 'm']",最大水深,0.6666666666666666,1.0
285,407959,0,1,0,['ニカラグ'],国,0.16666666666666666,0.7
286,54796,0,1,0,"['天然', 'ガス']",産業,0.16666666666666666,0.7
287,2390786,0,0,0,"['大', '切畑', 'ダム']",動物,0.16666666666666666,0.0
288,54796,0,1,1,['アゼルバイジャン'],国,0.16666666666666666,0.9
289,183867,0,0,0,"['Uroglena', '▁', 'americana']",動物,0.5,0.4
290,569950,1,1,1,['ヒノキ'],植物,0.8333333333333334,1.0
291,192531,0,0,0,"['最大', '幅']",幅,0.16666666666666666,0.1
292,27167,0,0,0,"['不', '凍', '湖']",水質（淡水・汽水）,0.16666666666666666,0.3
293,1054775,1,1,1,"['145', '▁', '▁', 'm']",水面標高,1.0,1.0
294,312243,0,0,0,"['東経', '5', '度', '06', '分', '50', '秒']",幅,0.16666666666666666,0.2
295,3260984,0,1,1,['Moeris'],別名,0.16666666666666666,0.9
296,1114951,0,0,0,"['耳', '海']",動物,0.16666666666666666,0.0
297,3107872,0,0,0,['ムジナモ'],動物,0.16666666666666666,0.3
298,2978850,1,1,0,"['コロラド', '州']",湖岸の地域区分,0.8333333333333334,0.8
299,376231,0,1,0,"['ブラック', 'バス', '類']",動物,0.16666666666666666,0.8
300,2267968,0,0,0,"['真珠', 'の', '養殖']",産業,0.16666666666666666,0.3
301,1096642,0,1,0,['荒川'],流入・流出河川,0.3333333333333333,0.8
302,2267968,0,1,0,"['カキ', 'の', '養殖']",産業,0.16666666666666666,1.0
303,2280167,0,0,0,"['観光', '業']",観光地,0.16666666666666666,0.3
304,1096642,0,0,0,"['戸田', '市']",湖岸の地域区分,0.16666666666666666,0.5
305,530799,0,0,0,"['6', '世紀', '前後']",形成時期,0.16666666666666666,0.3
306,2255681,1,1,1,"['約', '165', 'km']",幅,0.6666666666666666,0.7
307,192531,0,1,1,"['ビトリス', '県']",湖岸の地域区分,0.5,0.9
308,687963,0,1,0,"['最後', 'に', '東側', 'を', '塞ぐ', 'よう', 'な', '形', 'で', '溶岩', 'ドーム', 'の', '飯盛山', 'が', '形成', 'さ', 'れ', 'た']",成因,0.16666666666666666,0.9
309,54796,0,1,0,"['石油', '生産']",産業,0.16666666666666666,0.9
310,196428,0,1,0,['日本'],国,0.16666666666666666,1.0
311,486835,0,0,0,"['東経', '33', '.', '000', '度']",幅,0.16666666666666666,0.3
312,2267968,1,1,1,"['20', '.', '6', '▁', 'm']",最大水深,0.8333333333333334,1.0
313,2159741,0,0,0,"['マーナサローヴァル', '湖']",種類,0.16666666666666666,0.0
314,2802797,0,1,0,"['フエゴ', '州']",所在地,0.16666666666666666,0.6
315,881742,0,1,1,['Karlsborg'],湖岸の地域区分,0.5,0.6
316,143182,0,0,0,['信濃川'],流入・流出河川,0.16666666666666666,0.5
317,54796,0,0,0,['チョウザメ'],別名,0.16666666666666666,0.1
318,2255681,0,0,0,"['85', '▁', 'ft']",貯水量,0.16666666666666666,0.4
319,530799,0,1,1,['ミズグモ'],動物,0.3333333333333333,1.0
320,252336,0,0,0,['白鳥'],別名,0.16666666666666666,0.1
321,172318,0,1,0,"['北緯', '43', '.', '63667', '度']",島,0.16666666666666666,0.7
322,1463539,0,1,0,"['灌漑用', 'として', '造ら', 'れ', 'た']",成因,0.16666666666666666,0.9
323,192531,0,0,0,"['1', ',', '480', '▁', 'ft']",面積,0.16666666666666666,0.2
324,530799,0,1,0,['みぞ'],名前の謂れ,0.16666666666666666,0.6
325,666576,0,1,1,"['江戸', '時代', '以前']",形成時期,0.3333333333333333,1.0
326,881742,0,0,0,['ハエ'],別名,0.16666666666666666,0.0
327,159245,0,1,0,"['イリノイ', '州']",所在地,0.3333333333333333,0.7
328,2255681,1,1,1,"['上', 'タイ', 'ミル', '川']",流入・流出河川,0.6666666666666666,1.0
329,27167,1,1,1,"['しこ', 'つこ']",読み,0.8333333333333334,1.0
330,141263,0,0,0,['ロシア'],国,0.16666666666666666,0.0
331,183867,0,0,0,['レイク'],動物,0.16666666666666666,0.4
332,838764,0,0,0,['灌漑用'],形成時期,0.16666666666666666,0.3
333,143182,0,0,0,"['北緯', '36', '.', '55833', '度']",島,0.16666666666666666,0.2
334,183867,0,0,0,"['ふ', 'な', 'ぜんじ', 'ょう']",観光地,0.16666666666666666,0.3
335,27167,0,0,0,"['北緯', '42', '度', '45', '分', '0', '秒']",島,0.16666666666666666,0.3
336,3299335,0,1,0,"['葛飾', '区']",所在地,0.16666666666666666,0.6
337,3550700,0,0,0,"['ブラック', '湖']",別名,0.16666666666666666,0.0
338,192531,1,1,1,"['塩', '湖']",種類,0.8333333333333334,1.0
339,145876,0,1,0,"['郡山', '市']",所在地,0.3333333333333333,1.0
340,27167,0,0,0,"['東経', '141', '.', '33333', '度']",幅,0.16666666666666666,0.3
341,3027103,0,0,0,"['東経', '138', '.', '62500', '度']",幅,0.16666666666666666,0.3
342,951230,0,0,0,['緑'],植物,0.16666666666666666,0.1
343,1096642,0,1,0,"['1060', '万', 'm', '3']",貯水量,0.5,0.9
344,2280167,0,0,0,"['ブルガリア', '皇帝', 'サムイル', 'は', '小', 'プレス', 'パ', '湖', 'の', 'ギリシャ', '側', 'に', 'ある', 'アイオス・']",名前の謂れ,0.16666666666666666,0.1
345,2384665,1,1,1,"['24', '▁', 'm']",最大水深,0.6666666666666666,1.0
346,536433,0,0,0,['ヒバ'],植物,0.16666666666666666,0.3
347,2358976,1,1,1,"['1', ',', '725', 'm']",水面標高,0.6666666666666666,0.9
348,1154671,0,0,0,"['磐梯', '吾妻', 'スカイライン']",観光地,0.16666666666666666,0.4
349,2035418,1,1,1,"['0', '.', '057', '▁', 'km', '2']",面積,0.8333333333333334,1.0
350,3113847,0,0,0,"['伝承', 'による', '埼玉', 'の', '津', 'および', '小', '埼沼', 'は', '羽生', '市', '大字', '尾崎']",成因,0.16666666666666666,0.2
351,2190009,0,1,0,"['久喜', '市']",湖岸の地域区分,0.16666666666666666,0.7
352,1114951,0,0,0,['瀾滄江'],流入・流出河川,0.5,0.5
353,569950,1,1,0,"['静岡', '県', '浜松', '市', '天竜', '区']",所在地,0.6666666666666666,1.0
354,183867,0,1,1,['ツツジ'],植物,0.5,1.0
355,1570369,0,1,1,"['Ol', '▁', 'Kokwe', '島']",島,0.3333333333333333,0.7
356,183867,0,0,0,['ブラウントラウト'],別名,0.16666666666666666,0.1
357,2384665,0,0,0,"['放', '蝶']",別名,0.16666666666666666,0.2
358,143182,0,0,0,['コクチバス'],別名,0.16666666666666666,0.2
359,2032404,0,1,0,"['トリニダード・トバゴ', 'の']",所在地,0.16666666666666666,1.0
360,196428,0,1,1,"['佐倉', '市']",湖岸の地域区分,0.16666666666666666,0.6
361,1954629,0,1,0,"['3', 'ｍ']",水深,0.3333333333333333,0.9
362,27167,1,1,1,"['極貧', '栄養', '湖']",種類,0.6666666666666666,0.8
363,2392372,1,1,1,"['いけ', 'の', 'うち', 'こ']",読み,0.8333333333333334,1.0
364,838764,1,1,1,['淡水'],水質（淡水・汽水）,0.8333333333333334,1.0
365,1054775,0,0,0,['マス'],別名,0.16666666666666666,0.1
366,192531,1,1,1,"['119', 'キロメートル']",幅,0.6666666666666666,0.9
367,54796,0,0,0,['ロシア'],国,0.16666666666666666,0.4
368,530799,0,0,0,['トンボ'],別名,0.16666666666666666,0.1
369,2267968,0,1,0,"['久美浜', '地区']",湖岸の地域区分,0.16666666666666666,0.6
370,159245,0,1,0,['インディアナ'],湖岸の地域区分,0.16666666666666666,0.9
371,145876,0,0,0,['白鳥'],別名,0.16666666666666666,0.0
372,192615,0,1,1,['カラ・イリティシ'],流入・流出河川,0.16666666666666666,1.0
373,2966274,1,1,1,"['八ヶ岳', '中', '信', '高原', '国定', '公園']",公園,0.6666666666666666,0.9
374,54796,1,1,1,['カザフスタン'],国,0.6666666666666666,0.8
375,1452758,0,1,0,"['南緯', '22', '.', '79389', '度']",島,0.16666666666666666,0.7
376,436539,1,1,1,['イタリア'],国,0.6666666666666666,1.0
377,54796,0,1,1,['アロサ'],動物,0.5,0.8
378,97785,0,0,0,"['244', '▁', 'm']",成因,0.16666666666666666,0.0
379,530799,0,1,1,"['みぞ', 'ろ', '（', 'が', '）', 'いけ']",読み,0.16666666666666666,1.0
380,2255681,1,1,1,"['カラミサーモ', '川']",流入・流出河川,0.6666666666666666,0.9
381,2966274,0,0,0,"['塩沢', '堰']",成因,0.16666666666666666,0.5
382,1050701,1,1,1,"['静岡', '県', '伊東', '市']",所在地,0.8333333333333334,1.0
383,1564352,0,1,0,"['水系', '本流', 'の', '東大', '鳥川', '上流']",所在地,0.16666666666666666,0.9
384,54796,0,1,0,['石油'],産業,0.16666666666666666,0.7
385,27167,0,1,0,"['支笏洞', '爺', '国立', '公園']",所在地,0.16666666666666666,0.9
386,54796,0,0,0,['Heybat'],湖岸の地域区分,0.16666666666666666,0.2
387,54796,0,1,0,"['マンギシュラク', '半島']",湖岸の地域区分,0.16666666666666666,0.8
388,1114951,0,1,0,['Ěrhǎi'],別名,0.3333333333333333,0.7
389,145876,0,1,0,"['野口', '英世', '記念', '館']",観光地,0.5,0.9
390,196428,0,1,1,"['北', '印旛沼']",構成する湖沼,0.16666666666666666,0.8
391,54796,0,1,0,['ヴォルガ'],流入・流出河川,0.16666666666666666,0.8
392,470196,0,0,0,['コガモ'],別名,0.16666666666666666,0.1
393,2358976,0,1,1,['アイスランド'],国,0.3333333333333333,1.0
394,54796,0,0,1,['アゼルバイジャン'],国,0.16666666666666666,0.5
395,2040069,0,0,0,['平原'],種類,0.16666666666666666,0.5
396,2197972,0,1,1,"['能登半島', '基部']",所在地,0.16666666666666666,0.8
397,1114951,0,1,1,"['20', 'm', '程度']",最大水深,0.3333333333333333,1.0
398,145876,1,1,1,"['酸', '栄養', '湖']",種類,0.6666666666666666,1.0
399,159245,0,0,0,"['Hiawatha', '▁', 'National', '▁', 'Forest']",別名,0.16666666666666666,0.0
400,679269,0,0,0,['フィッツナウ'],動物,0.16666666666666666,0.0
401,143182,0,0,0,"['ビワ', 'マス']",別名,0.16666666666666666,0.0
402,145876,0,0,0,"['小石', 'ヶ', '浜']",観光地,0.16666666666666666,0.4
403,2384665,0,1,0,"['東海', '北陸', '自動車', '道', '桜', 'ヶ', '池', 'ハイウェイ', 'オアシス', 'に', '隣接', 'する']",所在地,0.3333333333333333,0.7
404,192531,0,0,0,"['sq', '▁', 'mi', ')', '平均', '水深', '171']",面積,0.16666666666666666,0.2
405,3260984,0,1,1,"['アフリカ', '大陸', 'の', '北部']",所在地,0.5,1.0
406,436539,1,1,1,"['火山', '湖']",成因,0.6666666666666666,1.0
407,666291,1,1,1,['中華人民共和国'],国,0.8333333333333334,0.8
408,2159741,0,1,0,"['638', '▁', 'km', '2', '▁', '(', '246', '▁', 'sq', '▁', 'mi', ')']",面積,0.16666666666666666,1.0
409,530799,1,1,1,['カムルチー'],動物,0.6666666666666666,0.9
410,141263,1,1,0,['サケ'],動物,0.6666666666666666,0.6
411,2978850,0,1,0,"['サンフアン', '郡']",湖岸の地域区分,0.3333333333333333,0.8
412,951230,0,0,0,['カヌー'],動物,0.16666666666666666,0.0
413,145876,0,0,0,['猪苗代'],流入・流出河川,0.16666666666666666,0.1
414,2280167,0,0,0,"['Μεγάλη', '▁', 'Πρέσπα']",別名,0.5,0.5
415,192531,0,1,0,"['607', '▁', 'km', '3', '▁', '(', '146']",貯水量,0.16666666666666666,0.9
416,2966274,0,1,0,"['1', ',', '540', '[', '3', ']', '▁', '▁', 'm', '成因', '人造湖', '淡水']",水面標高,0.16666666666666666,0.8
417,54796,1,1,1,['アゼルバイジャン'],国,0.8333333333333334,1.0
418,2255681,0,1,0,"['104', ',', '300', '▁', 'km', '2']",面積,0.16666666666666666,1.0
419,54796,0,1,0,"['北緯', '41', '度', '40', '分']",島,0.16666666666666666,0.6
420,1772665,1,1,1,"['175', 'm']",最大水深,0.6666666666666666,1.0
421,1186616,0,0,0,"['ロサンゼルス', '水道', '電力', '局', 'は', '洪水', '調節', 'の', 'ため', 'の', 'ロングヴァレーダム', 'を', '建設', 'し', 'た']",成因,0.16666666666666666,0.4
422,143182,0,1,1,"['木崎湖', 'キャンプ', '場']",観光地,0.16666666666666666,1.0
423,1014896,0,0,0,['文部省'],観光地,0.16666666666666666,0.1
424,1014896,0,1,1,['カルガモ'],動物,0.5,1.0
425,196428,0,1,1,"['印旛', '手賀', '自然', '公園']",観光地,0.16666666666666666,0.9
426,159245,0,1,1,"['チペワインディアン', '語', 'で', '「', '大きな', '湖', '」', 'を', '意味', 'する']",名前の謂れ,0.5,1.0
427,3299335,0,0,0,['桜'],観光地,0.16666666666666666,0.5
428,2978850,0,0,0,"['3', ',', '628', 'フィート']",水面標高,0.3333333333333333,0.5
429,881742,0,1,0,"['イワナ', '類', 'Salvelinus', '▁', 'salvelinus']",動物,0.3333333333333333,0.8
430,427667,1,1,1,"['Lake', '▁', 'Merom']",別名,0.6666666666666666,1.0
431,143182,0,0,0,['キザキフラスコモ'],動物,0.16666666666666666,0.4
432,141263,0,0,0,['高架'],種類,0.16666666666666666,0.4
433,3299335,0,0,0,['桜'],公園,0.16666666666666666,0.1
434,2197972,1,1,1,"['0', '.', '7', '▁', 'km', '2']",面積,0.8333333333333334,0.9
435,407959,0,1,0,['ニカラグア'],国,0.16666666666666666,1.0
436,2032404,0,1,0,['トリニダード'],島,0.16666666666666666,1.0
437,486835,0,0,0,['Imandra'],動物,0.16666666666666666,0.0
438,951230,0,0,0,['オセアニア'],動物,0.16666666666666666,0.0
439,3113847,1,1,1,"['大字', '埼玉', 'の', '東部']",所在地,0.8333333333333334,1.0
440,3550700,0,1,1,"['ピック', '島']",島,0.5,0.8
441,196428,0,1,1,"['印旛', '放水', '路']",流入・流出河川,0.3333333333333333,0.8
442,159245,0,0,0,"['281', '▁', 'm']",成因,0.16666666666666666,0.0
443,141263,1,1,1,['ニッコウキスゲ'],植物,0.6666666666666666,1.0
444,3249598,0,0,0,['鯉'],別名,0.16666666666666666,0.0
445,27167,1,1,1,['日本'],国,0.8333333333333334,0.9
446,2267968,1,1,1,"['潟', '湖']",種類,0.8333333333333334,1.0
447,192531,0,0,0,['イラン'],国,0.3333333333333333,0.3
448,2978850,0,1,0,['アリゾナ'],湖岸の地域区分,0.16666666666666666,0.7
449,1564352,0,1,0,"['赤川', '水系', '本流', 'の', '東大', '鳥川', '上流']",所在地,0.3333333333333333,1.0
450,530799,1,1,1,['フナ'],動物,0.6666666666666666,0.9
451,54796,1,1,1,"['ヴォルガ', '川']",流入・流出河川,0.8333333333333334,0.9
452,143182,0,1,0,"['Nitella', '▁', 'minispora']",動物,0.16666666666666666,0.7
453,54796,0,1,1,['イラン'],国,0.16666666666666666,0.9
454,679269,0,0,1,['キュスナハト'],湖岸の地域区分,0.5,0.5
455,1570369,0,0,0,"['東経', '36', '.', '083', '度']",幅,0.16666666666666666,0.4
456,54796,0,1,0,['ロシア'],国,0.3333333333333333,0.7
457,2384665,0,1,0,['山田川'],流入・流出河川,0.3333333333333333,0.6
458,1146256,0,1,0,"['小惑星', '▁', '(', '1536', ')', '▁', 'の', 'ピエリネン', 'は', '、', 'この', '湖', 'に', 'ちなん', 'で']",名前の謂れ,0.16666666666666666,0.8
459,666291,0,1,1,['北朝鮮'],国,0.5,1.0
460,679269,0,1,0,"['と', 'は', '、', '「', '4', 'つ', 'の', '森', 'の', '州', '(', 'カントン', ')', 'の', '湖', '」', 'の', '意味', 'で', '、']",名前の謂れ,0.16666666666666666,1.0
461,687963,0,1,1,"['ブラック', 'バス']",動物,0.5,0.8
462,2978850,0,1,1,"['アリゾナ', '州']",湖岸の地域区分,0.16666666666666666,0.8
463,159245,0,1,0,['氷河'],成因,0.16666666666666666,0.8
464,1303518,0,1,1,"['南島', 'サウス', 'ランド', '地方', 'サウス', 'ランド', '地区']",所在地,0.16666666666666666,1.0
465,1250740,0,1,1,['カワカマス'],動物,0.5,1.0
466,2966274,0,1,0,"['長野', '県', '北佐久', '郡', '立科', '町', '大字', '芦田', '八', 'ヶ', '野']",所在地,0.16666666666666666,0.9
467,530799,0,1,0,"['みぞ', 'ろ', 'が', 'いけ']",別名,0.16666666666666666,0.8
468,54796,0,1,0,"['南岸', 'の', 'イラン', 'の', '地名', 'から', '「', 'マーザンダラーン', '海', '」']",名前の謂れ,0.16666666666666666,0.8
469,192531,0,0,0,['ヴァン'],島,0.16666666666666666,0.3
470,159245,1,1,0,"['マニスティー', '国立', '公園']",公園,0.6666666666666666,0.9
471,2519245,0,1,0,['湖'],種類,0.16666666666666666,0.9
472,3249598,1,1,1,['ヒシクイ'],動物,0.6666666666666666,0.9
473,27167,0,0,0,"['死', '骨', '湖']",別名,0.16666666666666666,0.5
474,1564352,0,1,1,['湖'],種類,0.5,1.0
475,1690143,0,0,1,['エーベンゼー'],湖岸の地域区分,0.3333333333333333,0.5
476,666576,1,0,0,['ヒシ'],動物,0.6666666666666666,0.3
477,159245,1,1,1,"['281', 'm']",最大水深,0.8333333333333334,1.0
478,1681666,0,0,0,['鯉'],別名,0.16666666666666666,0.0
479,159245,1,1,1,"['2', ',', '656', '▁', '▁', 'km']",周囲長,0.8333333333333334,1.0
480,2159741,1,1,1,"['チベット', '自治', '区', '山南', '市', 'ナンカルツェ', '県']",所在地,0.8333333333333334,0.9
481,2978850,0,1,1,['サンフィッシュ'],動物,0.3333333333333333,0.8
482,183867,0,0,0,['コイ'],別名,0.16666666666666666,0.1
483,1014896,0,0,0,['セスジイトトンボ'],別名,0.16666666666666666,0.1
484,3249598,0,0,1,['ホシハジロ'],動物,0.3333333333333333,0.4
485,530799,0,1,1,['ミツガシワ'],植物,0.16666666666666666,1.0
486,1594389,0,0,0,"['北緯', '36', '度', '48', '分', '48', '秒']",島,0.16666666666666666,0.2
487,2966274,0,0,0,"['赤沼', '溜池']",動物,0.16666666666666666,0.0
488,97785,1,1,1,['淡水'],水質（淡水・汽水）,0.8333333333333334,0.9
489,2978850,0,0,0,['ダム'],種類,0.16666666666666666,0.4
490,2966274,0,1,0,"['「', 'め', 'の', 'かみ', '」', 'と', '読む']",名前の謂れ,0.16666666666666666,0.7
491,2378497,0,0,0,['川'],流入・流出河川,0.16666666666666666,0.4
492,679269,1,1,1,['スイス'],国,0.6666666666666666,1.0
493,196428,0,1,0,['沼'],種類,0.3333333333333333,0.9
494,1096642,0,1,1,"['調節', '池']",種類,0.3333333333333333,0.7
495,196428,0,1,0,"['灌漑期', '▁', '2', '.', '5', '▁', '(', 'Y', '.', 'P', '.)']",水面標高,0.16666666666666666,1.0
496,2358976,0,0,0,"['氷河', '湖']",種類,0.16666666666666666,0.5
497,172318,0,1,1,"['約', '一', '万', '年', '前']",形成時期,0.5,1.0
498,1146256,1,1,1,"['93', '.', '7', 'm']",水面標高,0.8333333333333334,0.9
499,2978850,0,0,0,['1'],水面標高,0.16666666666666666,0.0
500,2493111,0,1,0,"['北方', 'に', '所在', 'し', 'て', 'いる', '「', '香林寺', '」', 'に', 'ちなん', 'だ', 'もの', 'で', 'ある']",名前の謂れ,0.16666666666666666,1.0
501,3249598,0,0,0,"['漁業', '補償', '金']",産業,0.16666666666666666,0.1
502,2978850,0,1,0,"['ニューメキシコ', '州']",所在地,0.3333333333333333,0.7
503,3260984,0,1,0,['漁'],産業,0.16666666666666666,0.6
504,143182,0,0,0,['キザキマス'],別名,0.16666666666666666,0.2
505,2280167,0,1,0,['観光'],産業,0.16666666666666666,1.0
506,312243,0,1,1,"['ローヴ', '運河']",流入・流出河川,0.16666666666666666,0.9
507,54796,1,1,1,"['クラ', '川']",流入・流出河川,0.8333333333333334,1.0
508,2239242,0,0,0,['鴨'],別名,0.16666666666666666,0.1
509,2966274,0,0,0,['三'],湖岸の地域区分,0.16666666666666666,0.1
510,2966274,0,1,0,"['江戸', '時代', 'に', '開削', 'さ', 'れ', 'た', '農業', '用水路', '・', '塩沢', '堰', 'に', '施さ', 'れ', 'た', '改良', '事業', 'の', '一環', 'として', '建設', 'さ', 'れ', 'た', 'もの', 'で']",成因,0.16666666666666666,0.9
511,2032404,0,0,0,['ブレア'],所在地,0.16666666666666666,0.3
512,1681249,0,1,0,"['人工', '湖', '（', 'ゾイデル', '海', '開発', '）']",成因,0.16666666666666666,1.0
513,1452758,0,1,1,"['Laguna', '▁', 'Verde']",別名,0.5,0.8
514,54796,1,1,1,"['アムダリア', '川']",流入・流出河川,0.6666666666666666,0.9
515,1114951,0,1,1,"['11', '▁', 'm']",平均水深,0.5,1.0
516,2978850,0,1,1,['貯水池'],種類,0.3333333333333333,1.0
517,192531,0,0,0,"['Arter', '島']",最大水深,0.16666666666666666,0.1
518,2384665,1,1,1,['ツツジ'],植物,0.6666666666666666,1.0
519,3249598,0,1,1,['オオセグロカモメ'],動物,0.3333333333333333,1.0
520,252336,0,1,0,"['沼', '畔', 'の', '多々良', '沼', '公園']",観光地,0.16666666666666666,0.9
521,679269,0,0,0,['ルツェルン'],動物,0.16666666666666666,0.1
522,1096642,0,1,1,"['調節', '池']",種類,0.16666666666666666,0.9
523,1050701,0,1,0,"['杉山', '三', '郊', 'により', '命名', 'さ', 'れ', '、', '北', '宋', 'の', '文人', '范仲淹', 'の', '『', '岳', '陽', '楼', '記', '（', '中', '文', '版', '）', '』', 'の', '一節', '「', '一碧', '萬', '頃', '（', 'いっ', 'ぺきばんけい', '）', '」', 'から', '取ら', 'れ', 'た']",名前の謂れ,0.16666666666666666,1.0
524,2978850,0,0,0,"['グレン', 'キャニオン']",動物,0.16666666666666666,0.0
525,54796,0,0,0,['中央アジア'],国,0.16666666666666666,0.4
526,687963,1,1,1,"['0', '.', '0005', '▁', 'km', '3']",貯水量,1.0,0.9
527,443223,1,1,1,"['カルデラ', '湖']",種類,0.6666666666666666,1.0
528,312243,0,1,0,['淡水'],水質（淡水・汽水）,0.16666666666666666,1.0
529,27167,0,1,0,"['sikot', '-', 'toho']",別名,0.16666666666666666,0.8
530,407959,0,0,0,"['70', '▁', 'm']",成因,0.16666666666666666,0.0
531,1054775,0,0,0,"['Lake', '▁', 'Chargoggagoggmanchauggagoggchaubunagungamaugg']",動物,0.16666666666666666,0.0
532,2966274,0,0,0,"['六川', '長三郎']",流入・流出河川,0.16666666666666666,0.1
533,2388853,1,1,1,['ため池'],種類,0.8333333333333334,1.0
534,2802797,0,1,0,['マガジャネス・イ・デ・ラ・アンタルティカ・チレーナ'],所在地,0.16666666666666666,0.9
535,1054775,0,0,0,"['約', '4', '.', '6', 'm']",最大水深,0.16666666666666666,0.2
536,54796,0,1,0,['石油'],産業,0.16666666666666666,0.9
537,512545,0,1,0,['湖'],種類,0.16666666666666666,0.9
538,1463539,0,1,0,"['平池', '1', '号', '墳']",観光地,0.16666666666666666,0.9
539,183867,0,0,0,['いろは'],橋・トンネル,0.16666666666666666,0.1
540,2978850,0,0,0,"['下流', '州']",所在地,0.16666666666666666,0.1
541,530799,0,1,0,"['扇状地', '堆積', '物']",成因,0.16666666666666666,0.7
542,1050701,0,0,0,"['1927', '年']",名前の謂れ,0.16666666666666666,0.1
543,54796,0,1,1,['イラン'],国,0.3333333333333333,0.8
544,54796,0,0,0,['ベルーガ'],別名,0.16666666666666666,0.1
545,2978850,0,1,1,"['パードレ', '湾']",観光地,0.16666666666666666,0.7
546,951230,0,0,0,['リュウキュ'],植物,0.16666666666666666,0.2
547,143182,0,0,0,['キザキコミズシタダミ'],別名,0.16666666666666666,0.0
548,2255681,0,0,0,"['Таймы', '́', 'р']",動物,0.16666666666666666,0.0
549,2280167,0,1,1,['マケドニア'],国,0.3333333333333333,1.0
550,2378497,0,1,0,"['アイスランド', '語', 'で', '「', 'クヴィトゥル', '▁', 'hvítur', '」', 'は', '「', '白', '」', 'という', '意味', 'で', 'あり', '、']",名前の謂れ,0.16666666666666666,0.8
551,1594389,0,0,0,"['東経', '137', '.', '83472', '度']",幅,0.16666666666666666,0.0
552,687963,0,0,0,"['片城山', '（', '508', '.', '8', 'm', '）']",所在地,0.16666666666666666,0.0
553,27167,0,0,0,['漁岳'],所在地,0.16666666666666666,0.1
554,512545,0,1,0,"['偕楽園', '公園']",観光地,0.3333333333333333,0.8
555,172318,0,1,0,"['キャンプ', '場']",観光地,0.16666666666666666,0.9
556,536433,0,0,0,"['1969', '年']",形成時期,0.16666666666666666,0.1
557,54796,0,0,0,['マハチカラ'],国,0.16666666666666666,0.1
558,1054775,0,1,1,['マス'],動物,0.5,0.8
559,54796,0,1,0,['ロシア'],国,0.3333333333333333,0.7
560,2040069,1,1,1,"['ンサイ・パン', '国立', '公園']",公園,0.6666666666666666,0.7
561,192615,1,1,1,"['エルティシ', '川']",流入・流出河川,0.6666666666666666,1.0
562,838764,1,1,1,"['の', 'より', 'しんい', 'け']",読み,0.8333333333333334,1.0
563,376231,0,1,0,"['糸魚川', '静岡', '構造', '線', 'による', '地溝', '上', 'に', '出来', 'た']",成因,0.3333333333333333,0.7
564,2255681,0,1,0,"['40', ',', '300', '▁', 'sq', '▁', 'mi']",面積,0.16666666666666666,0.9
565,312243,0,0,0,"['エスタック', '街', '区']",湖岸の地域区分,0.16666666666666666,0.3
566,3027103,0,1,1,"['富士', 'パノラマ', 'ライン', 'の', '瀬', '之', '波', '橋', 'の', '真下', '付近']",所在地,0.16666666666666666,1.0
567,881742,0,1,1,"['森', 'または', '湖', 'の', '精', 'を', '意味', 'する', '古代', 'の', '言葉', '""', 'vätter', '""']",名前の謂れ,0.16666666666666666,1.0
568,54796,0,1,1,['カザフスタン'],国,0.3333333333333333,0.7
569,951230,0,1,0,['漁業'],産業,0.16666666666666666,0.7
570,145876,0,1,1,['ミズスギゴケ'],植物,0.3333333333333333,0.8
571,2433098,0,0,0,['北側'],流入・流出河川,0.16666666666666666,0.1
572,2392372,0,1,1,['ため池'],種類,0.5,1.0
573,1594389,0,0,0,"['北緯', '36', '.', '81333', '度']",島,0.16666666666666666,0.0
574,97785,1,1,1,"['オスウェゴ', '川']",流入・流出河川,0.8333333333333334,1.0
575,530799,0,0,0,"['み', 'どろ', 'が', 'いけ']",動物,0.16666666666666666,0.2
576,2378497,0,0,0,"['北緯', '64', '.', '617', '度']",島,0.16666666666666666,0.5
577,486835,0,1,0,"['67', 'm']",水深,0.3333333333333333,1.0
578,27167,0,0,0,['千歳川'],流入・流出河川,0.3333333333333333,0.4
579,530799,0,1,1,['ジュンサイ'],植物,0.3333333333333333,0.8
580,1050701,0,1,1,['ヘラブナ'],動物,0.5,1.0
581,141263,0,0,0,['尾駮沼'],別名,0.16666666666666666,0.2
582,183867,0,0,0,"['東経', '139', '度', '27', '分', '44', '秒']",幅,0.16666666666666666,0.1
583,344043,0,1,0,"['松本', '市']",所在地,0.16666666666666666,1.0
584,436539,1,1,1,"['1', '▁', '▁', 'm']",水面標高,0.8333333333333334,0.9
585,427667,1,1,1,['イスラエル'],国,0.8333333333333334,1.0
586,54796,0,0,0,"['ハザール', '王国']",湖岸の地域区分,0.16666666666666666,0.3
587,1570369,0,0,0,"['Kokwe', '島']",島,0.16666666666666666,0.4
588,536433,0,1,0,['鮒'],動物,0.16666666666666666,0.6
589,376231,0,0,0,"['12', '.', '0', '▁', 'm']",成因,0.16666666666666666,0.1
590,1163585,1,1,0,"['鴻', '沼', '橋']",橋・トンネル,0.6666666666666666,0.9
591,3249598,0,1,1,['マガン'],動物,0.5,0.9
592,54796,0,1,0,['イラン'],国,0.3333333333333333,0.6
593,1050701,0,0,0,"['堰', '止', '湖']",別名,0.16666666666666666,0.3
594,3027103,0,0,0,"['東経', '138', '度', '37', '分', '30', '秒']",幅,0.16666666666666666,0.3
595,134839,0,0,0,"['ラムサール', '条約']",種類,0.16666666666666666,0.2
596,141263,0,1,0,['シャジクモ'],植物,0.16666666666666666,0.8
597,134839,0,0,0,"['北緯', '43', '.', '30000', '度']",島,0.16666666666666666,0.4
598,2606120,0,1,0,"['駿河湾', 'に', '生じ', 'た', '砂嘴', 'の', '開口', '部', 'が', '閉じ', '次第に', '淡水', '化', 'し', 'た']",成因,0.16666666666666666,1.0
599,512545,0,1,1,['沼'],種類,0.3333333333333333,0.9
600,3249598,0,0,0,['オオハクチョウ'],別名,0.16666666666666666,0.0
601,3249598,1,1,1,['フナ'],動物,0.6666666666666666,0.7
602,134839,0,1,1,['北海道'],所在地,0.16666666666666666,1.0
603,687963,0,1,1,['桜'],植物,0.3333333333333333,0.9
604,145876,1,1,1,['湖'],種類,0.8333333333333334,1.0
605,2978850,1,1,1,['コイ'],動物,0.6666666666666666,0.8
606,145876,0,1,1,"['断層', '湖']",成因,0.16666666666666666,0.7
607,2606120,0,1,0,"['井田', '集落', 'の', '南']",所在地,0.16666666666666666,1.0
608,443223,0,0,0,"['サモシール', '島']",最大水深,0.16666666666666666,0.0
609,2280167,0,0,0,"['190', '平方キロ']",面積,0.3333333333333333,0.1
610,183867,0,1,0,['戦場ヶ原'],観光地,0.16666666666666666,0.6
611,1570369,0,1,0,['Oreochromis'],動物,0.16666666666666666,0.7
612,145876,0,0,0,"['西側', 'の', '会津盆地', '東', '縁', '断層', 'など', 'を', '含む', '東西', 'の', '断層', 'により', '、', '現在', 'の', '猪苗代湖']",成因,0.16666666666666666,0.4
613,1163585,0,1,0,"['約', '6000', '年', '前']",形成時期,0.5,0.6
614,2202538,0,0,0,"['By', '▁', 'the', '▁', 'Waters', '▁', 'of', '▁', 'Minnetonka']",別名,0.16666666666666666,0.2
615,536433,0,1,1,"['1660', '年']",形成時期,0.5,0.9
616,1463539,0,0,0,"['三', '大', '用水']",名前の謂れ,0.16666666666666666,0.1
617,960251,0,1,0,"['ルイ', '14', '世', '時代', 'の', 'フランス', 'の', '海運', '大臣', 'で', 'あり', '財務', '大臣', 'で', 'あっ', 'た', 'ポンシャルトラン', '伯', 'ルイ・フェリポー', '▁', '(', 'Louis', '▁', 'Phélypeaux', ',', '▁', 'comte', '▁', 'de', '▁', 'Pontchartrain', ')', '▁', 'に', '由来', 'し', 'て', 'いる', '。']",名前の謂れ,0.16666666666666666,0.9
618,196428,0,1,1,['新川'],流入・流出河川,0.3333333333333333,0.6
619,2390786,0,1,0,['鳥'],動物,0.16666666666666666,0.6
620,951230,0,0,0,['キョウジョシギ'],別名,0.16666666666666666,0.0
621,1681249,0,0,0,['淡'],水質（淡水・汽水）,0.16666666666666666,0.4
622,159245,0,1,0,"['州立', '公園']",公園,0.5,0.7
623,1114951,0,0,0,"['大', '理', '市', '下関', '鎮附近', 'の']",所在地,0.16666666666666666,0.4
624,951230,0,0,0,['チ'],別名,0.16666666666666666,0.0
625,1954629,1,1,1,"['500', 'km', '²']",面積,0.6666666666666666,1.0
626,54796,0,1,1,"['パルティア', '王国']",国,0.16666666666666666,0.7
627,569950,1,1,1,['スギ'],植物,0.8333333333333334,0.8
628,192531,0,1,0,"['塩', '湖']",水質（淡水・汽水）,0.16666666666666666,1.0
629,3260984,0,1,1,"['淡水', '湖']",種類,0.5,1.0
630,141263,0,0,0,"['高架', '沼']",動物,0.16666666666666666,0.0
631,687963,0,1,0,"['6', '.', '8']",水質（淡水・汽水）,0.16666666666666666,0.7
632,687963,0,0,1,"['藺牟田池', 'の', '泥炭', '形成', '植物', '群落']",観光地,0.16666666666666666,0.4
633,134839,0,1,0,"['59', '.', '01', '[', '1', ']', '▁', 'km', '2', '周囲', '長', '96']",面積,0.16666666666666666,0.7
634,192531,0,0,0,['Türkçe'],島,0.16666666666666666,0.1
635,376231,0,1,1,"['5', '.', '7', '▁', 'm']",平均水深,0.5,1.0
636,666291,0,1,0,"['吉林', '省', 'と', '朝鮮民主主義人民共和国', '両', '江道', 'の', '国境', '線', '上', 'に', '位置', 'する', '白頭山', '（', '長', '白山', '）', 'の', '頂上']",所在地,0.16666666666666666,0.9
637,27167,0,1,1,"['不', '凍', '湖']",種類,0.3333333333333333,1.0
638,407959,1,1,0,"['淡水', '湖']",水質（淡水・汽水）,0.6666666666666666,1.0
639,1096642,1,1,1,"['秋', 'ヶ', '瀬', '橋']",橋・トンネル,0.6666666666666666,0.6
640,143182,1,1,1,['ワカサギ'],動物,0.6666666666666666,0.9
641,3299335,0,0,0,['葛'],湖岸の地域区分,0.16666666666666666,0.1
642,252336,0,1,1,"['1', '▁', '-', '▁', '2', 'm']",水深,0.3333333333333333,0.9
643,666291,0,1,0,"['2', ',', '189', '.', '1', '▁', 'm', '▁', '(', '7', ',', '1']",水面標高,0.16666666666666666,0.8
644,2966274,0,0,0,"['塩沢', '堰']",成因,0.16666666666666666,0.2
645,666576,1,1,1,['コガモ'],動物,0.6666666666666666,0.9
646,3107872,0,1,1,['ムジナモ'],植物,0.16666666666666666,0.9
647,145876,0,0,0,"['.', '40', '▁', 'k']",成因,0.16666666666666666,0.1
648,427667,0,0,0,['ガリラヤ'],所在地,0.16666666666666666,0.1
649,2388853,0,1,0,['渡り鳥'],動物,0.16666666666666666,0.9
650,2267968,0,1,0,"['国立', '公園']",公園,0.3333333333333333,1.0
651,54796,0,0,0,['ペルシャ'],国,0.16666666666666666,0.3
652,141263,0,0,0,"['尾駮沼', 'とともに', '淡水', '産卵', '型', 'の', '春', 'ニシン', 'の', '産卵', '場', 'で', 'も', 'ある', '[', '17', ']。']",名前の謂れ,0.16666666666666666,0.1
653,2390786,0,0,0,"['須賀川', '市']",所在地,0.16666666666666666,0.1
654,1681249,0,1,0,"['フレヴォラント', '州']",所在地,0.16666666666666666,0.8
655,666291,0,0,0,['降'],別名,0.16666666666666666,0.0
656,2358976,0,0,0,"['北緯', '64', '度', '25', '分', '12', '秒']",島,0.16666666666666666,0.5
657,183867,0,1,1,"['栃木', '県']",所在地,0.5,1.0
658,2035418,0,0,0,"['海岸', '部', 'に', 'でき', 'た']",成因,0.16666666666666666,0.2
659,1050701,0,0,0,['十'],島,0.16666666666666666,0.1
660,2978850,0,0,0,['クラッピー'],別名,0.16666666666666666,0.1
661,97785,0,0,0,"['西経', '77', '度', '54', '分']",幅,0.16666666666666666,0.1
662,143182,0,0,0,"['旧', '・']",観光地,0.16666666666666666,0.0
663,141263,0,1,0,"['カヤツリグサ', '科']",植物,0.16666666666666666,0.7
664,54796,0,1,1,"['チョウザメ', '類']",動物,0.3333333333333333,0.9
665,54796,0,1,0,['ロシア'],国,0.3333333333333333,1.0
666,54796,0,1,0,['ペルシャ'],国,0.16666666666666666,0.7
667,196428,0,1,0,"['千葉', '県', '北西', '部']",所在地,0.16666666666666666,0.9
668,666576,1,1,1,['淡水'],水質（淡水・汽水）,0.8333333333333334,1.0
669,1303518,0,1,0,"['南緯', '45', '.', '20000', '度']",島,0.16666666666666666,0.7
670,1096642,0,0,0,"['水位', '調節', '堰']",構成する湖沼,0.16666666666666666,0.4
671,2267968,0,1,0,"['湊宮', '地区']",湖岸の地域区分,0.16666666666666666,0.6
672,1163585,0,1,0,"['鹿手袋', '村']",湖岸の地域区分,0.3333333333333333,0.7
673,951230,0,0,0,"['激しい', '戦闘', 'により', '沖縄', '本島', '中', '南部', 'は', '焦土', 'と', '化し', 'た']",成因,0.16666666666666666,0.4
674,54796,0,1,0,['ロシア'],国,0.16666666666666666,0.8
675,54796,0,0,0,"['アゼルバイジャン', '・', 'ソビエト', '社会']",国,0.16666666666666666,0.4
676,2159741,0,1,0,"['蔵', '文', '拼音']",別名,0.16666666666666666,0.7
677,312243,1,1,1,"['カディエール', '川']",流入・流出河川,0.6666666666666666,1.0
678,97785,1,1,1,"['244', '▁', 'm']",最大水深,0.6666666666666666,1.0
679,470196,0,0,0,['神社'],観光地,0.16666666666666666,0.4
680,2978850,0,0,0,['アーチ'],動物,0.16666666666666666,0.0
681,951230,0,0,0,"['マメ', 'アゲマキ']",動物,0.16666666666666666,0.5
682,399336,1,1,1,"['41', '.', '9', '▁', 'm']",平均水深,0.6666666666666666,1.0
683,666291,0,1,1,"['213', '▁', 'm']",平均水深,0.5,1.0
684,2255681,0,0,0,"['ポルトニャージノ', '湖']",別名,0.16666666666666666,0.1
685,951230,0,1,0,"['サービス', '業']",産業,0.16666666666666666,0.6
686,183867,0,0,0,['中'],別名,0.16666666666666666,0.0
687,666576,0,0,0,"['東経', '140', '度', '09', '分', '47', '.', '5', '秒']",幅,0.16666666666666666,0.2
688,192531,0,0,0,"['Վանա', '▁', 'լիճ']",動物,0.16666666666666666,0.0
689,134839,0,0,0,"['東経', '145', '度', '21', '分', '0', '秒']",幅,0.16666666666666666,0.3
690,2519245,0,0,0,['东湖'],種類,0.16666666666666666,0.3
691,536433,0,0,0,['廻堰大溜池'],動物,0.16666666666666666,0.0
692,3415799,0,1,0,"['ブリティッシュコロンビア', '州', 'の', '北']",所在地,0.16666666666666666,0.7
693,54796,0,0,0,['ウズボイ'],湖岸の地域区分,0.16666666666666666,0.3
694,54796,0,1,0,['ウズボイ'],湖岸の地域区分,0.16666666666666666,0.7
695,2392372,0,1,0,"['武雄温泉', 'ハイツ']",観光地,0.16666666666666666,0.8
696,951230,0,1,0,['ウミヒルモ'],動物,0.16666666666666666,0.6
697,27167,0,1,0,"['支笏洞', '爺', '国立', '公園']",公園,0.16666666666666666,0.8
698,159245,0,0,0,['National'],湖岸の地域区分,0.16666666666666666,0.0
699,2978850,0,0,0,['ブラウワー'],流入・流出河川,0.16666666666666666,0.0
700,1163585,0,0,0,['鴻'],橋・トンネル,0.16666666666666666,0.0
701,143182,0,0,0,"['西丸', '震', '哉']",観光地,0.16666666666666666,0.3
702,143182,0,0,0,"['サツキ', 'マス']",別名,0.16666666666666666,0.0
703,435939,0,1,1,['ビャクシン'],植物,0.16666666666666666,1.0
704,470196,0,1,1,"['約', '4600', '年', '前']",形成時期,0.5,1.0
705,3249598,0,0,0,['オオハクチョウ'],別名,0.16666666666666666,0.1
706,1054775,0,1,0,"['フレンチ', '川']",流入・流出河川,0.3333333333333333,0.7
707,1427572,1,1,1,['ミズバショウ'],植物,0.6666666666666666,0.9
708,2280167,0,0,0,"['Мало', '▁', 'Преспанско', '▁', 'езеро']",動物,0.16666666666666666,0.2
709,1594389,0,0,0,"['科', '鉢', '池']",種類,0.16666666666666666,0.3
710,54796,0,1,0,['石油'],産業,0.16666666666666666,0.8
711,687963,0,0,0,['泥炭'],動物,0.16666666666666666,0.0
712,54796,0,1,1,"['中', 'カスピ海']",構成する湖沼,0.16666666666666666,0.8
713,141263,0,1,0,"['青森', '県内']",所在地,0.16666666666666666,1.0
714,2202538,0,1,1,"['ミネトンカ', '市']",湖岸の地域区分,0.5,0.7
715,145876,1,1,1,"['福島', '県', '会津若松', '市', '、', '郡山', '市', '、', '耶麻', '郡', '猪苗代', '町', 'に', 'またがる']",所在地,0.6666666666666666,1.0
716,27167,1,1,1,"['360', '.', '1', '▁', 'm']",最大水深,0.6666666666666666,1.0
717,2390786,0,1,0,"['125', '▁', 'm']",長さ,0.16666666666666666,0.6
718,2802797,0,1,0,"['ティエラ・デル・フエゴ', '州']",所在地,0.16666666666666666,0.9
719,3517196,0,1,1,"['福井', '県', '大野', '市', '上打波']",所在地,0.5,1.0
720,1096642,0,0,0,"['羽根', '倉橋', '付近']",所在地,0.16666666666666666,0.4
721,2802797,1,1,1,"['645', '▁', 'km', '2']",面積,0.8333333333333334,1.0
722,2966274,0,1,0,"['江戸', '時代']",形成時期,0.16666666666666666,0.8
723,951230,0,1,1,['シギ'],動物,0.5,0.9
724,2239242,0,0,0,"['北緯', '34', '度', '55', '分', '34', '.', '3', '秒']",島,0.16666666666666666,0.5
725,951230,0,0,0,['高島'],島,0.16666666666666666,0.3
726,687963,0,0,0,"['藺牟田', '富士']",別名,0.16666666666666666,0.2
727,3249598,0,1,0,"['沢見', '塚', '古墳']",観光地,0.16666666666666666,0.7
728,143182,0,0,0,['サクラ'],植物,0.16666666666666666,0.1
729,376231,0,0,0,['ワカサギ'],別名,0.16666666666666666,0.1
730,443223,1,1,1,"['スマトラ島', '北部']",所在地,0.6666666666666666,1.0
731,27167,0,0,0,['活火山'],種類,0.16666666666666666,0.5
732,54796,0,0,0,['湖'],種類,0.16666666666666666,0.4
733,344043,0,1,1,"['長野', '県', '松本', '市', '安曇', '上高地']",所在地,0.5,1.0
734,951230,0,0,0,"['具志川', '・', '与', '勝', '方面']",公園,0.16666666666666666,0.4
735,54796,0,0,0,['オオチョウザメ'],別名,0.16666666666666666,0.0
736,27167,0,1,0,"['支笏湖', 'を', '「', 'シコッペッ', '[', '8', ']（', '支笏川', '、', '現在', 'の', '千歳', '川', '）', 'の', '水源', 'の', '湖', '」', 'の', '意', 'で', '「', 'シコットホ', '[', '9', ']」（', 'シ', 'コツ', '川', '・', 'その', '湖', '）', 'あるいは', '「', 'シコット', '[', '10', ']」（', 'シ', 'コツ', '川', '・', '湖', '）', 'と', '呼び', '[', '11', ']、', '改まっ', 'た', '場合', 'に', 'は', '「', 'シコテムコ・エアン・パラト', '」', '（', 'シコツ', '川', 'の', '・', '水源', '・', 'そこ', 'に', '・', 'ある', '・', '広い', '湖', '）', 'と', '称え', 'て', 'い', 'た', 'という']",名前の謂れ,0.16666666666666666,0.8
737,54796,1,1,1,['カザフスタン'],国,0.6666666666666666,0.7
738,3323513,1,1,1,['アオサギ'],動物,0.6666666666666666,0.9
739,1250740,0,0,0,['ジャンボ'],動物,0.16666666666666666,0.2
740,183867,0,0,0,['フランス'],国,0.3333333333333333,0.0
741,1564352,1,1,1,"['堰', '止', '湖']",成因,0.6666666666666666,1.0
742,2388853,0,1,0,"['えひめ', '森林公園']",公園,0.16666666666666666,0.9
743,1114951,0,1,1,"['大', '理', '鯉']",動物,0.16666666666666666,0.8
744,3113847,0,1,0,"['さき', 'たま', '古墳']",観光地,0.16666666666666666,0.7
745,1014896,0,0,0,['ヒクイナ'],別名,0.16666666666666666,0.0
746,443223,0,0,0,['インド'],国,0.16666666666666666,0.2
747,3107872,0,1,0,"['・', '大字', '日野手新田', '・', '大字']",所在地,0.16666666666666666,0.8
748,1096642,1,1,1,"['幸', '魂', '大橋']",橋・トンネル,0.6666666666666666,0.8
749,679269,0,1,0,"['ウーリ', '州']",所在地,0.5,0.9
750,2354120,0,1,1,['タンカイザリガニ'],動物,0.5,1.0
751,2433098,0,0,0,"['小林', '沼']",別名,0.16666666666666666,0.2
752,2267968,0,0,0,"['海', '跡', '湖']",形成時期,0.16666666666666666,0.2
753,399336,0,1,1,"['オーストリア', '南部']",国内位置,0.5,1.0
754,145876,1,1,1,['日本'],国,0.8333333333333334,1.0
755,470196,0,1,1,['オシドリ'],動物,0.5,1.0
756,1114951,0,1,1,['シロウオ'],動物,0.3333333333333333,0.9
757,2390786,0,0,0,['サギ'],別名,0.16666666666666666,0.3
758,2378497,0,1,1,['Hvítárlón'],別名,0.16666666666666666,1.0
759,145876,0,0,0,"['十', '六', '橋']",橋・トンネル,0.16666666666666666,0.5
760,54796,0,1,0,['漁業'],産業,0.3333333333333333,0.9
761,881742,0,1,0,"['Salvelinus', '▁', 'salvelinus']",動物,0.16666666666666666,0.6
762,666576,0,1,1,['アカミミガメ'],動物,0.5,0.7
763,1114951,0,0,0,['滇池'],種類,0.16666666666666666,0.1
764,443223,0,0,0,"['北緯', '2', '.', '6845', '度']",島,0.16666666666666666,0.2
765,172318,0,1,0,"['約', '一', '万', '年', '前', 'に', '地殻', '変動', 'による', '崖', '崩れ', 'で', '谷', 'が', 'せき止め', 'られ', 'て', 'でき', 'た', 'と', '考え', 'られ', 'て', 'いる', '堰', '止', '湖']",成因,0.16666666666666666,1.0
766,196428,0,1,0,"['県立', '自然', '公園']",観光地,0.16666666666666666,0.8
767,1690143,0,0,0,"['200', 'm']",平均水深,0.16666666666666666,0.2
768,252336,0,1,1,['白鳥'],動物,0.3333333333333333,0.7
769,2378497,1,1,1,['Hvítá'],流入・流出河川,0.8333333333333334,0.8
770,1054775,0,0,0,"['ウェブスター', '湖']",動物,0.16666666666666666,0.0
771,97785,0,1,1,['ハミルトン'],湖岸の地域区分,0.5,0.6
772,3249598,0,0,0,['ウミネコ'],構成する湖沼,0.16666666666666666,0.0
773,512545,0,0,1,['上沼'],構成する湖沼,0.16666666666666666,0.5
774,1163585,0,0,0,['山久保'],湖岸の地域区分,0.16666666666666666,0.5
775,1054775,0,0,0,"['45', 'ft']",水面標高,0.16666666666666666,0.0
776,27167,0,1,0,"['山', '線', '鉄橋']",橋・トンネル,0.5,0.7
777,1154671,0,1,0,"['｢', '魔女', 'の', '瞳', '｣']",別名,0.16666666666666666,1.0
778,27167,0,1,1,['ヒメマス'],動物,0.5,0.9
779,1079315,0,1,1,['利根川'],流入・流出河川,0.5,0.6
780,1096642,0,0,1,"['羽根', '倉橋']",橋・トンネル,0.16666666666666666,0.5
781,2384665,0,1,0,"['ダム', '湖']",種類,0.3333333333333333,0.7
782,141263,0,0,0,['市柳沼'],流入・流出河川,0.16666666666666666,0.3
783,951230,0,1,1,['リュウキュウサルボウ'],動物,0.5,0.7
784,2358976,0,0,0,['性'],成因,0.16666666666666666,0.0
785,2035418,1,1,1,['日本'],国,0.8333333333333334,1.0
786,951230,0,1,0,['リュウキュウスガモ'],植物,0.16666666666666666,1.0
787,2802797,1,1,1,"['アソパルド', '川']",流入・流出河川,0.8333333333333334,0.9
788,1681666,0,1,1,"['ルツェルン', '湖', 'の', '北側']",所在地,0.5,0.9
789,3027103,1,1,1,['湖'],種類,0.8333333333333334,1.0
790,27167,0,1,0,"['Spfl', ')、', '支笏降', '下', '軽石', '(', 'Spfa', ')', 'を', '噴出', 'し', 'た', '大', '噴火']",成因,0.16666666666666666,0.7
791,143182,1,1,1,['オオクチバス'],動物,0.6666666666666666,1.0
792,97785,0,0,1,['ロチェスター'],湖岸の地域区分,0.5,0.5
793,2390786,0,1,0,"['1975', '年', '（', '昭和', '50', '年', '）', '度']",形成時期,0.16666666666666666,0.9
794,159245,0,1,1,"['118', 'マイル']",幅,0.3333333333333333,0.9
795,2255681,0,1,0,"['クラスノヤルスク', '地方', '、', 'タイ', 'ミル', '半島', 'の', '中央', '部']",所在地,0.16666666666666666,1.0
796,951230,0,1,1,['キョウジョシギ'],動物,0.5,0.9
797,687963,0,1,1,['イグサ'],植物,0.3333333333333333,1.0
798,1303518,0,0,0,"['テ・アナウ', '湖']",別名,0.16666666666666666,0.1
799,1096642,0,0,0,"['周囲', '堤']",種類,0.16666666666666666,0.1
800,1564352,0,1,0,['発電'],産業,0.16666666666666666,0.8
801,679269,0,1,0,"['シュヴィーツ', '州']",所在地,0.5,0.9
802,1163585,0,0,0,"['用水', '西', '縁']",成因,0.16666666666666666,0.3
803,2966274,0,1,1,['観光'],産業,0.16666666666666666,0.9
804,2032404,0,0,0,"['北緯', '10', '度', '13', '分', '57', '秒']",島,0.16666666666666666,0.5
805,1114951,0,1,1,['観光'],産業,0.16666666666666666,0.7
806,1736120,0,0,0,"['桐生', '競艇', '場']",動物,0.16666666666666666,0.0
807,141263,0,1,0,['漁業'],産業,0.5,0.8
808,54796,0,1,0,"['デルベント・バクー・シルヴァン', '州']",湖岸の地域区分,0.3333333333333333,0.8
809,1690143,1,1,1,"['423', '▁', '▁', 'm']",水面標高,1.0,0.9
810,1463539,0,1,0,['灌漑'],成因,0.16666666666666666,0.7
811,172318,1,1,1,"['3', '.', '1', '▁', 'm']",透明度,0.6666666666666666,1.0
812,27167,0,0,0,['水明郷'],流入・流出河川,0.16666666666666666,0.2
813,1050701,0,1,0,['大池'],構成する湖沼,0.16666666666666666,0.6
814,3249598,0,1,1,"['海', '跡', '湖']",種類,0.3333333333333333,0.8
815,143182,0,0,0,['ヤ'],観光地,0.16666666666666666,0.2
816,376231,0,1,0,"['フナ', '類']",動物,0.5,1.0
817,530799,0,1,1,"['泥濘', '池']",別名,0.16666666666666666,1.0
818,183867,1,1,1,"['2', '万', '年', '前']",形成時期,0.6666666666666666,1.0
819,695828,1,1,1,"['たぬき', 'こ']",読み,0.8333333333333334,1.0
820,252336,0,1,0,"['群馬', '県']",湖岸の地域区分,0.16666666666666666,1.0
821,2040069,0,1,1,['ヌー'],動物,0.5,0.8
822,666576,0,1,1,"['上高津', '貝塚']",観光地,0.5,0.6
823,2390786,0,0,0,['水系'],流入・流出河川,0.16666666666666666,0.2
824,695828,0,1,1,['観光'],産業,0.3333333333333333,0.8
825,2606120,1,1,1,['池'],種類,0.6666666666666666,1.0
826,54796,0,1,1,['トルクメニスタン'],国,0.16666666666666666,0.7
827,54796,0,0,0,['スムガイト'],湖岸の地域区分,0.3333333333333333,0.1
828,530799,0,1,0,['砕屑物'],成因,0.16666666666666666,0.9
829,54796,0,0,0,"['1', ',', '025', 'm']",成因,0.16666666666666666,0.1
830,695828,1,1,1,['日本'],国,0.8333333333333334,1.0
831,172318,0,0,0,"['堰', '止', '湖']",成因,0.16666666666666666,0.5
832,695828,1,1,0,['人造湖'],種類,0.8333333333333334,1.0
833,27167,1,1,1,['北海道'],所在地,0.6666666666666666,1.0
834,1114951,0,1,0,['淡水'],水質（淡水・汽水）,0.16666666666666666,0.9
835,1096642,1,1,0,['貯水池'],種類,0.6666666666666666,0.8
836,2280167,0,1,1,"['小', 'プレス', 'パ', '湖']",構成する湖沼,0.16666666666666666,0.8
837,2388853,1,1,1,"['13', '▁', 'km', '2']",面積,1.0,1.0
838,192531,0,1,0,"['古代', 'の', '火山', '噴火', 'により', '流出', '河川', 'が', '遮断', 'さ', 'れ', 'た', 'ため', '塩', '湖']",成因,0.16666666666666666,0.9
839,443223,1,1,1,"['240', '▁', 'km', '3']",貯水量,0.8333333333333334,1.0
840,951230,0,0,0,['海草'],動物,0.16666666666666666,0.1
841,2267968,0,1,1,['ハマチ'],動物,0.3333333333333333,0.6
842,1054775,0,0,0,"['13', 'ft']",水面標高,0.16666666666666666,0.2
843,3249598,0,0,0,['オオハクチョウ'],別名,0.16666666666666666,0.0
844,881742,0,0,0,['羊'],別名,0.16666666666666666,0.0
845,54796,0,1,0,['石油'],産業,0.16666666666666666,1.0
846,1303518,0,0,0,"['東経', '167', '度', '48', '分', '0', '秒']",幅,0.16666666666666666,0.5
847,2202538,0,1,0,"['ダコタ', '語', 'で', '「', '大きな', '水', '」', 'の', '意味']",名前の謂れ,0.16666666666666666,1.0
848,2190009,0,1,0,"['清久', '西池']",構成する湖沼,0.16666666666666666,0.6
849,3249598,0,1,1,['コイ'],動物,0.5,0.8
850,3249598,0,0,0,"['東経', '134', '.', '0939722', '度']",幅,0.16666666666666666,0.4
851,2040069,0,0,0,"['フランシス', 'タウン']",動物,0.16666666666666666,0.2
852,2433098,0,1,1,"['小林', '後', '沼']",別名,0.5,1.0
853,687963,1,1,1,['ドブガイ'],動物,0.6666666666666666,0.8
854,2978850,1,1,1,['オオクチバス'],動物,0.6666666666666666,0.8
855,2202538,0,1,0,['ミネアポリス・セントポール'],所在地,0.16666666666666666,1.0
856,3260984,0,1,0,"['エジプト', '中', '王国']",国,0.16666666666666666,0.8
857,951230,0,0,1,['マツバウミジグサ'],植物,0.3333333333333333,0.5
858,3249598,1,1,1,['コサギ'],動物,0.6666666666666666,0.9
859,2978850,0,1,0,"['ココニノ', '郡']",湖岸の地域区分,0.3333333333333333,1.0
860,470196,0,1,0,"['93', '.', '5', 'm']",平均水深,0.16666666666666666,0.7
861,54796,0,1,1,['バクー'],湖岸の地域区分,0.16666666666666666,0.8
862,1114951,0,0,0,"['北緯', '25', '度', '45', '分', '48', '秒']",島,0.16666666666666666,0.3
863,2032404,0,0,0,['ペルー'],国,0.3333333333333333,0.1
864,1050701,0,0,0,['沼池'],種類,0.16666666666666666,0.5
865,1250740,0,0,0,['ワイルドライス'],植物,0.3333333333333333,0.3
866,2354120,0,1,0,['浮島'],島,0.3333333333333333,0.8
867,2978850,0,0,0,"['ネバダ', '州']",湖岸の地域区分,0.5,0.3
868,192531,0,1,1,"['146', '▁', 'cu', '▁', 'mi']",貯水量,0.3333333333333333,1.0
869,666576,1,1,1,"['ヨシ', 'ガモ']",動物,0.6666666666666666,0.9
870,2255681,0,0,0,"[')', '▁', '[', '3', ']', '凍結', '9', '月']",水面標高,0.16666666666666666,0.2
871,2978850,0,0,0,['メ'],植物,0.16666666666666666,0.0
872,159245,1,1,0,"['インディアナ', '国立', '湖', '浜', '公園']",公園,0.6666666666666666,0.9
873,2255681,0,1,0,"['タイ', 'ミル', '川']",流入・流出河川,0.16666666666666666,0.9
874,1463539,0,0,0,"['28', 'メートル']",長さ,0.16666666666666666,0.5
875,54796,0,0,0,['セブルーガ'],別名,0.16666666666666666,0.0
876,3542688,0,1,0,['サウスインディアンレイク'],湖岸の地域区分,0.3333333333333333,0.7
877,2159741,0,0,0,"['東経', '90', '度', '41', '分']",幅,0.16666666666666666,0.0
878,183867,0,0,0,"['北緯', '36', '度', '44', '分', '26', '秒']",島,0.16666666666666666,0.1
879,192531,0,1,0,"['1', ',', '300', '▁', 'ft']",水深,0.16666666666666666,0.7
880,2280167,0,1,1,"['地殻', '変動', '型']",種類,0.5,1.0
881,2433098,0,0,0,['コイ'],別名,0.16666666666666666,0.0
882,2388853,1,1,1,['淡水'],水質（淡水・汽水）,0.8333333333333334,1.0
883,1050701,0,0,0,['ヘラブナ'],別名,0.16666666666666666,0.0
