,level_0,index,page_id,system_dicision,crowd_dicision,correct,text,attribute,system_out,crowd_out
0,7449,7449,54796,1,1,1,"['Starry', '▁', 'sturgeon']",動物,0.6666666666666666,0.0
1,2999,2999,2035418,1,1,0,"['東経', '136', '度', '52', '分', '52', '.', '4', '秒']",座標・経度,0.6666666666666666,0.0
2,3547,3547,2267968,1,0,0,"['京', '丹後', '市']",湖岸の地域区分,0.1666666666666666,0.0
3,8287,8287,951230,0,0,0,['シオニラ'],動物,0.1666666666666666,0.0
4,6765,6765,530799,0,0,0,['浮'],島,0.1666666666666666,0.0
5,5054,5054,2978850,1,0,0,['カワホトトギスガイ'],動物,0.3333333333333333,0.0
6,6202,6202,407959,1,0,0,"['11', '.', '617']",島,0.1666666666666666,0.0
7,5057,5057,2978850,1,0,0,['イガイ'],動物,0.3333333333333333,0.0
8,8178,8178,881742,1,1,0,['鉱業'],産業,0.8333333333333334,0.0
9,1798,1798,159245,1,0,0,"['国立', '湖', '浜', '公園']",公園,0.1666666666666666,0.0
10,5926,5926,3542688,1,0,0,['サウスインディアンレイク'],湖岸の地域区分,0.3333333333333333,0.0
11,6922,6922,536433,1,1,1,"['タンチョウ', 'ヅル']",動物,0.5,0.0
12,7740,7740,666576,0,0,0,['オニバス'],別名,0.1666666666666666,0.0
13,7270,7270,54796,1,0,0,['スムガイト'],湖岸の地域区分,0.3333333333333333,0.0
14,8529,8529,960251,1,0,0,"['39', 'キロ']",長さ,0.1666666666666666,0.0
15,5845,5845,344043,0,0,0,['立ち枯れ'],植物,0.1666666666666666,0.0
16,3992,3992,2388853,0,0,0,['森林公園'],公園,0.1666666666666666,0.0
17,6963,6963,536433,0,0,0,"['140', '.', '39611']",幅,0.1666666666666666,0.0
18,2365,2365,192531,1,1,0,"['北緯', '38', '.', '633', '度']",座標・緯度,0.5,0.0
19,289,289,1054775,0,0,1,"['15', 'ft']",透明度,0.1666666666666666,0.0
20,30,30,1014896,1,1,1,['カルガモ'],動物,0.5,0.0
21,2423,2423,192531,1,0,0,"['東経', '42', '度', '49', '分']",幅,0.1666666666666666,0.0
22,660,660,1163585,1,0,0,"['約', '1', '万', '8', '千', '年', '前', 'まで']",形成時期,0.3333333333333333,0.0
23,2584,2584,192615,1,1,0,"['1', ',', '810', '▁', 'km', '2']",面積,0.5,0.0
24,6867,6867,530799,0,0,0,"['上賀茂', '神社']",観光地,0.1666666666666666,0.0
25,2426,2426,192531,1,0,0,"['東経', '42', '.', '817']",幅,0.1666666666666666,0.0
26,1087,1087,141263,0,0,0,['佃煮'],産業,0.1666666666666666,0.0
27,3880,3880,2384665,0,0,0,"['旧', '城端', '町', '南西', '部']",所在地,0.1666666666666666,0.0
28,5055,5055,2978850,1,0,0,['クワッガガイ'],動物,0.3333333333333333,0.0
29,4421,4421,27167,0,0,0,['水明郷'],流入・流出河川,0.1666666666666666,0.0
30,764,764,1250740,1,1,1,['ウォールアイ'],動物,0.6666666666666666,0.0
31,6523,6523,470196,1,0,0,"['つま', 'きり', 'しま']",観光地,0.1666666666666666,0.0
32,7878,7878,687963,1,1,1,['ヨシ'],植物,0.8333333333333334,0.0
33,7039,7039,54796,1,1,1,['イラン'],国,0.5,0.0
34,6234,6234,407959,1,0,0,['ニカラグア'],所在地,0.1666666666666666,0.0
35,8473,8473,951230,0,0,0,['アラスジケマン'],別名,0.1666666666666666,0.0
36,1877,1877,1681249,1,0,0,"['人工', '湖', '（', 'ゾイデル', '海', '開発', '）']",成因,0.1666666666666666,0.0
37,854,854,1303518,1,0,0,"['167', '.', '80000']",座標・経度,0.3333333333333333,0.0
38,8221,8221,951230,0,0,1,"['中城湾', 'の', '北部']",所在地,0.1666666666666666,0.0
39,1961,1961,1681666,1,1,1,['鯉'],動物,0.6666666666666666,0.0
40,4311,4311,2606120,0,1,1,"['約', '650', 'メートル']",周囲長,0.6666666666666666,0.0
41,4939,4939,2978850,1,1,0,"['アリゾナ', '州']",湖岸の地域区分,0.5,0.0
42,1650,1650,1570369,0,0,0,['カバ'],別名,0.1666666666666666,0.0
43,535,535,1114951,0,0,0,"['西', '洱河']",動物,0.1666666666666666,0.0
44,4152,4152,2433098,1,1,1,"['おば', 'や', 'し', 'ぬ', 'ま']",読み,0.8333333333333334,0.0
45,5860,5860,3517196,1,0,0,"['36', '.', '06806']",座標・緯度,0.3333333333333333,0.0
46,7535,7535,569950,1,1,1,['池'],種類,0.6666666666666666,0.0
47,6033,6033,3608508,1,1,0,"['西経', '71', '.', '64451', '度']",座標・経度,0.8333333333333334,0.0
48,7317,7317,54796,0,0,0,['Heybat'],湖岸の地域区分,0.1666666666666666,0.0
49,4271,4271,252336,0,1,1,"['孫', '兵衛', '川']",流入・流出河川,0.8333333333333334,0.0
50,2020,2020,172318,1,1,0,"['43', '.', '63667']",座標・緯度,0.5,0.0
51,7164,7164,54796,0,0,0,"['オスマン', '帝国']",国,0.1666666666666666,0.0
52,7545,7545,569950,1,1,0,"['東経', '137', '度', '50', '分', '23', '秒']",座標・経度,0.6666666666666666,0.0
53,4460,4460,27167,1,0,0,['場'],観光地,0.1666666666666666,0.0
54,6075,6075,376231,0,0,0,"[',', '200', 'm']",最大水深,0.1666666666666666,0.0
55,1577,1577,1564352,0,0,1,"['堰', '止', '湖']",成因,0.1666666666666666,0.0
56,5703,5703,3299335,1,1,0,"['用水', '池']",種類,0.8333333333333334,0.0
57,4545,4545,2802797,1,1,0,"['西経', '67', '.', '983', '度']",座標・経度,0.6666666666666666,0.0
58,4860,4860,2978850,1,0,0,['北緯'],座標・緯度,0.1666666666666666,0.0
59,3390,3390,2255681,1,0,0,"['204', '▁', 'k']",長さ,0.1666666666666666,0.0
60,7949,7949,695828,1,0,0,"['富士山', 'の', '険しい', '山容']",所在地,0.1666666666666666,0.0
61,2239,2239,183867,1,1,1,['コイ'],動物,0.6666666666666666,0.0
62,2957,2957,2032404,1,1,0,['ポーランド'],国,0.5,0.0
63,1984,1984,1690143,1,0,0,['グムンデン'],所在地,0.1666666666666666,0.0
64,2163,2163,1772665,0,0,0,"['Lake', '▁', 'El', ""'"", 'gygytgyn']",動物,0.1666666666666666,0.0
65,4067,4067,2390786,1,1,1,['サギ'],動物,0.5,0.0
66,6542,6542,486835,0,1,1,"['コラ', '半島', 'の', '南西', '部']",所在地,0.5,0.0
67,1448,1448,145876,1,0,0,"['白鳥', '浜']",観光地,0.1666666666666666,0.0
68,4912,4912,2978850,0,0,0,['アメリカ合衆国'],国,0.1666666666666666,0.0
69,7544,7544,569950,0,0,0,"['35', '.', '16222']",座標・緯度,0.1666666666666666,0.0
70,7576,7576,666291,0,0,0,['降'],別名,0.1666666666666666,0.0
71,6740,6740,530799,0,0,0,"['ろ', '池']",別名,0.1666666666666666,0.0
72,2838,2838,196428,0,0,1,"['佐倉', '市']",湖岸の地域区分,0.1666666666666666,0.0
73,469,469,1114951,1,0,0,['淡水'],水質（淡水・汽水）,0.1666666666666666,0.0
74,8149,8149,881742,0,1,1,"['ビシングショ', '島']",島,0.6666666666666666,0.0
75,5879,5879,3517196,1,1,0,['打波川'],流入・流出河川,0.5,0.0
76,5408,5408,3249598,0,0,0,['漁'],産業,0.1666666666666666,0.0
77,8342,8342,951230,0,0,0,['海草'],動物,0.1666666666666666,0.0
78,2151,2151,1772665,1,1,1,"['北東', 'シベリア', 'の', 'チュクチ', '半島']",所在地,0.5,0.0
79,5187,5187,3107872,1,1,1,"['埼玉', '県', '羽生', '市', 'の', '東部']",所在地,0.6666666666666666,0.0
80,1680,1680,1570369,1,0,0,['Soro'],湖岸の地域区分,0.1666666666666666,0.0
81,6469,6469,443223,0,0,0,"['100', '万', 'km', '3']",貯水量,0.1666666666666666,0.0
82,4602,4602,2802797,1,0,1,"['南', 'アメリカ', '最南端', '部', 'の', 'フエゴ', '島']",所在地,0.3333333333333333,0.0
83,1086,1086,141263,0,0,0,['ヨシ'],動物,0.1666666666666666,0.0
84,7120,7120,54796,0,1,1,"['ダゲスタン', '共和', '国']",国,0.5,0.0
85,5660,5660,3260984,0,0,0,"['澄ん', 'だ', '湖']",動物,0.1666666666666666,0.0
86,7642,7642,666291,1,0,0,"['Tamun', '▁', 'omo']",読み,0.3333333333333333,0.0
87,2407,2407,192531,1,1,1,"['Arter', '島']",島,0.5,0.0
88,1035,1035,141263,0,0,0,['カタシャジクモ'],別名,0.1666666666666666,0.0
89,6844,6844,530799,0,0,0,"['み', 'どろ', 'が', 'いけ']",動物,0.1666666666666666,0.0
90,3060,3060,2040069,0,0,0,['塩'],水質（淡水・汽水）,0.1666666666666666,0.0
91,7212,7212,54796,1,1,0,['カザフスタン'],国,0.5,0.0
92,4792,4792,2978850,0,0,0,['ノーザンパイク'],別名,0.1666666666666666,0.0
93,6446,6446,443223,0,0,1,['カルデラ'],種類,0.1666666666666666,0.0
94,8619,8619,97785,0,1,1,"['ブラック', '川']",流入・流出河川,0.8333333333333334,0.0
95,2707,2707,196428,1,1,0,"['東経', '140', '度', '15', '分', '0', '秒']",座標・経度,0.6666666666666666,0.0
96,533,533,1114951,0,0,0,"['葉', '楡', '澤']",動物,0.1666666666666666,0.0
97,6816,6816,530799,1,1,1,['メダカ'],動物,0.6666666666666666,0.0
98,171,171,1050701,1,1,1,"['2', '.', '2', '[', '1', ']', '▁', 'm']",平均水深,0.5,0.0
99,1728,1728,159245,0,0,0,"['83', '.', '94', '▁', 'm']",座標・緯度,0.1666666666666666,0.0
100,5822,5822,344043,1,1,1,"['長野', '県', '松本', '市', '安曇', '上高地']",所在地,0.5,0.0
101,5296,5296,312243,0,0,1,"['la', '▁', 'Cadière']",流入・流出河川,0.1666666666666666,0.0
102,6795,6795,530799,1,1,0,['コナラ'],植物,0.5,0.0
103,7985,7985,695828,0,0,0,"['東経', '138', '.', '56083', '度']",幅,0.1666666666666666,0.0
104,8395,8395,951230,0,0,0,['海草'],植物,0.1666666666666666,0.0
105,8445,8445,951230,0,0,0,"['イワズタ', '属']",植物,0.1666666666666666,0.0
106,7926,7926,687963,1,0,0,['浮島'],島,0.1666666666666666,0.0
107,2687,2687,196428,0,0,1,"['下総台地', 'の', '中央']",所在地,0.3333333333333333,0.0
108,5932,5932,3550700,1,0,1,"['Black', '▁', 'Lake']",別名,0.3333333333333333,0.0
109,6165,6165,407959,1,0,0,['85'],座標・経度,0.1666666666666666,0.0
110,5286,5286,312243,0,1,1,"['0', '.', '4', '▁', '▁', 'm']",水面標高,0.8333333333333334,0.0
111,2572,2572,192615,0,1,1,['カザフスタン'],国,0.8333333333333334,0.0
112,61,61,1050701,0,0,0,"['堰', '止', '湖']",別名,0.1666666666666666,0.0
113,6491,6491,470196,0,0,0,"['霧島', '火山', '群', 'の', '火山', '活動', 'の', '一つ', 'として', '約', '4600', '年', '前', '[', '2', ']', 'に', '起き', 'た']",成因,0.1666666666666666,0.0
114,804,804,1303518,0,0,0,['ミドル'],島,0.1666666666666666,0.0
115,4231,4231,2519245,1,0,0,['东湖'],種類,0.1666666666666666,0.0
116,4218,4218,2493111,0,0,0,"['利根川', '旧', '流', '路']",流入・流出河川,0.1666666666666666,0.0
117,8626,8626,97785,1,0,1,"['オンタリオ', '州']",湖岸の地域区分,0.3333333333333333,0.0
118,2666,2666,1954629,1,0,0,['キサンガニ'],湖岸の地域区分,0.3333333333333333,0.0
119,642,642,1163585,1,1,1,"['こうぬ', 'ま']",読み,0.8333333333333334,0.0
120,3952,3952,2384665,0,0,0,"['桜', 'ヶ', '池']",別名,0.1666666666666666,0.0
121,3035,3035,2035418,0,0,1,"['常滑', '市']",湖岸の地域区分,0.1666666666666666,0.0
122,7525,7525,54796,1,0,0,"['790', 'm']",最大水深,0.3333333333333333,0.0
123,1485,1485,145876,1,0,0,"['.', '40', '▁', 'k']",成因,0.1666666666666666,0.0
124,5007,5007,2978850,1,0,1,"['ハイトクロッシング', '橋']",橋・トンネル,0.3333333333333333,0.0
125,7124,7124,54796,0,0,1,['トルクメニスタン'],国,0.1666666666666666,0.0
126,5373,5373,3249598,1,0,0,"['山陰', '道']",所在地,0.1666666666666666,0.0
127,2873,2873,196428,0,0,1,"['内', '水面', '漁業']",産業,0.1666666666666666,0.0
128,275,275,1054775,1,1,0,"['西経', '71', '度', '50', '分', '30', '秒']",座標・経度,0.6666666666666666,0.0
129,2903,2903,2032404,1,1,0,"['北緯', '10', '.', '23250', '度']",座標・緯度,0.6666666666666666,0.0
130,4894,4894,2978850,0,1,1,"['コロラド', '川']",流入・流出河川,0.8333333333333334,0.0
131,2334,2334,183867,1,0,0,"['139', '.', '46222']",幅,0.1666666666666666,0.0
132,1000,1000,141263,0,0,0,"['川', 'が']",成因,0.1666666666666666,0.0
133,1936,1936,1681666,1,1,1,"['3', '.', '2', '▁', 'km', '3']",貯水量,1.0,0.0
134,4429,4429,27167,1,0,1,"['楓', '沢', 'の', '洞門']",観光地,0.3333333333333333,0.0
135,2540,2540,192531,0,0,0,"['Gola', '▁', 'Wanê']",動物,0.1666666666666666,0.0
136,4121,4121,2392372,1,0,0,"['130', '.', '03694']",座標・経度,0.3333333333333333,0.0
137,411,411,1096642,0,0,0,"['彩', '湖', '彩', '湖']",構成する湖沼,0.1666666666666666,0.0
138,1530,1530,1463539,0,0,0,['モチノキ'],植物,0.1666666666666666,0.0
139,1132,1132,141263,0,0,0,"['尾駮沼', 'とともに', '淡水', '産卵', '型', 'の', '春', 'ニシン', 'の', '産卵', '場', 'で', 'も', 'ある', '[', '17', ']。']",名前の謂れ,0.1666666666666666,0.0
140,8554,8554,97785,1,0,1,"['北', 'アメリカ大陸']",所在地,0.3333333333333333,0.0
141,5957,5957,3550700,0,0,0,"['105', '.', '25056']",座標・経度,0.1666666666666666,0.0
142,2907,2907,2032404,1,0,0,"['10', '.', '23250']",座標・緯度,0.3333333333333333,0.0
143,6798,6798,530799,1,0,0,['学名'],植物,0.1666666666666666,0.0
144,7654,7654,666576,1,1,1,"['茨城', '県', '土浦', '市', '宍塚']",所在地,0.8333333333333334,0.0
145,506,506,1114951,0,0,0,"['蒼', '山']",流入・流出河川,0.1666666666666666,0.0
146,6500,6500,470196,0,0,1,"['火山', '湖']",種類,0.1666666666666666,0.0
147,7321,7321,54796,1,0,0,"['旧名', 'シェフチェンコ']",読み,0.1666666666666666,0.0
148,5964,5964,3550700,1,0,0,"['北緯', '59', '.', '20000', '度']",島,0.1666666666666666,0.0
149,6338,6338,436539,1,1,0,['イタリア'],国,0.5,0.0
150,698,698,1163585,0,0,0,"['たか', 'ぬ', 'ま']",動物,0.1666666666666666,0.0
151,5843,5843,344043,1,0,0,['河童橋'],橋・トンネル,0.1666666666666666,0.0
152,914,914,134839,0,0,0,"['湖', '名', 'の', '由来', 'は', '、', 'アイヌ', '語', 'の', '「', 'フーレ・ペツ', '」', '（', '赤い', '川', '）', '。', 'これ', 'は', '本来', '、', '流入', '河川', 'の', '風蓮川', 'を', '指し', 'た', '地名', 'で', 'あり', '、', '川', 'に', '湿原', '由来', 'の', '赤く', '染まっ', 'た', '水', 'が', '流れ込ん', 'で', 'い', 'た', 'こと', 'に', 'ちなむ', '。', '湖', 'の', '方', 'は', 'ただ', '「', 'トー', '」', '（', '沼', '）', 'と', '呼ば', 'れ', 'て', 'い', 'た']",名前の謂れ,0.1666666666666666,0.0
153,335,335,1096642,1,1,0,['貯水池'],種類,0.6666666666666666,0.0
154,3058,3058,2040069,1,0,0,['塩'],水質（淡水・汽水）,0.1666666666666666,0.0
155,2396,2396,192531,1,0,1,"['Akdamar', '▁', 'Island']",島,0.3333333333333333,0.0
156,4159,4159,2433098,1,0,1,['ため池'],種類,0.3333333333333333,0.0
157,6537,6537,486835,0,1,1,['ロシア'],国,0.8333333333333334,0.0
158,4198,4198,2493111,0,0,0,"['浅間', '川', '[', '3', '][', '4', ']', 'の', '流', '路', '跡']",所在地,0.1666666666666666,0.0
159,3621,3621,2280167,1,0,0,"['大', 'プレス', 'パ', '湖']",別名,0.3333333333333333,0.0
160,887,887,134839,0,0,0,"['ラムサール', '条約']",種類,0.1666666666666666,0.0
161,2947,2947,2032404,0,0,0,"['ナマケモノ', 'の', '牙']",動物,0.1666666666666666,0.0
162,2559,2559,192615,0,0,0,"['48', '▁', 'km', '▁', '(', '30']",座標・経度,0.1666666666666666,0.0
163,7582,7582,666291,1,1,1,['北朝鮮'],国,0.5,0.0
164,4184,4184,2433098,1,1,0,"['北緯', '36', '度', '3', '分', '35', '.', '4', '秒']",座標・緯度,0.6666666666666666,0.0
165,614,614,1154671,1,0,0,"['140', '.', '24278']",座標・経度,0.1666666666666666,0.0
166,7201,7201,54796,0,0,0,['ロシア'],国,0.1666666666666666,0.0
167,5263,5263,312243,1,1,0,"['43', '.', '44583']",座標・緯度,0.5,0.0
168,8092,8092,838764,0,0,0,"['アメリカ', 'ザリガニ']",別名,0.1666666666666666,0.0
169,3285,3285,2239242,0,1,1,"['愛知', '県', '半田', '市']",所在地,0.8333333333333334,0.0
170,2918,2918,2032404,0,1,1,"['75', '▁', 'm']",最大水深,0.8333333333333334,0.0
171,6911,6911,536433,0,0,0,['ガン'],別名,0.1666666666666666,0.0
172,3193,3193,2190009,1,0,0,"['へら', '鮒']",構成する湖沼,0.1666666666666666,0.0
173,5090,5090,2978850,0,0,0,"['西経', '111', '度', '29', '分', '03', '秒']",幅,0.1666666666666666,0.0
174,5170,5170,3027103,0,0,0,"['1983', '年']",形成時期,0.1666666666666666,0.0
175,2611,2611,192615,0,0,0,"['Зайсан', '▁', 'көлі']",動物,0.1666666666666666,0.0
176,1667,1667,1570369,0,0,0,"['北緯', '0', '度', '38', '分']",島,0.1666666666666666,0.0
177,5197,5197,3107872,0,0,0,['湿地'],種類,0.1666666666666666,0.0
178,5855,5855,3517196,1,1,0,"['北緯', '36', '度', '4', '分', '5', '秒']",座標・緯度,0.6666666666666666,0.0
179,8213,8213,881742,1,0,0,"['642', '▁', 'km']",長さ,0.1666666666666666,0.0
180,3945,3945,2384665,0,1,1,"['1', ',', '452', ',', '000', '▁', 'km', '3']",貯水量,0.8333333333333334,0.0
181,3384,3384,2255681,1,1,1,['ホワイトフィッシュ'],動物,0.6666666666666666,0.0
182,4660,4660,2966274,0,0,0,"['4', '[', '3', ']', '▁', 'm', '貯水', '量', '0', '.', '00']",座標・緯度,0.1666666666666666,0.0
183,3517,3517,2267968,1,0,0,"['20', '.', '6', '▁', 'm']",水深,0.1666666666666666,0.0
184,3111,3111,2159741,1,1,1,"['チベット', '自治', '区', '山南', '市', 'ナンカルツェ', '県']",所在地,0.8333333333333334,0.0
185,8136,8136,881742,1,0,0,"['バルト', '氷', '湖']",種類,0.3333333333333333,0.0
186,6080,6080,376231,1,1,0,"['フナ', '類']",動物,0.5,0.0
187,4471,4471,27167,0,0,0,"['死', '骨', '湖']",別名,0.1666666666666666,0.0
188,1457,1457,145876,0,0,1,['ミズスギゴケ'],植物,0.3333333333333333,0.0
189,5584,5584,3249598,0,0,0,"['水', '後', '池']",別名,0.1666666666666666,0.0
190,2176,2176,183867,1,0,0,['フランス'],国,0.3333333333333333,0.0
191,8012,8012,695828,1,0,0,"['8', '▁', 'm']",水深,0.1666666666666666,0.0
192,1102,1102,141263,0,1,1,['ニッコウキスゲ'],植物,0.6666666666666666,0.0
193,4519,4519,27167,1,0,0,['口無沼'],構成する湖沼,0.3333333333333333,0.0
194,3272,3272,2202538,0,0,0,['ミネトンカ'],名前の謂れ,0.1666666666666666,0.0
195,8382,8382,951230,1,0,0,['製塩'],産業,0.3333333333333333,0.0
196,543,543,1114951,0,0,0,"['北緯', '25', '度', '45', '分', '48', '秒']",島,0.1666666666666666,0.0
197,1649,1649,1570369,0,0,0,"['Oreochromis', '▁', 'alcalicus', '▁', 'baringoensi']",別名,0.1666666666666666,0.0
198,1735,1735,159245,0,0,0,"['-', '87']",座標・経度,0.1666666666666666,0.0
199,2301,2301,183867,0,0,0,['中'],別名,0.1666666666666666,0.0
200,6255,6255,427667,1,1,0,"['5', '.', '3', 'km']",長さ,0.8333333333333334,0.0
201,6011,6011,3550700,1,0,0,"['ピック', '島']",最大水深,0.1666666666666666,0.0
202,219,219,1054775,1,0,1,"['ウェブスター', '湖']",別名,0.3333333333333333,0.0
203,7140,7140,54796,0,0,0,['グルジア'],国,0.1666666666666666,0.0
204,4766,4766,2966274,0,0,0,"['赤沼', '溜池']",動物,0.1666666666666666,0.0
205,1373,1373,145876,0,0,1,"['福島', '県']",所在地,0.3333333333333333,0.0
206,7228,7228,54796,0,0,0,"['ソビエト', '社会', '主義', '共和', '国']",国,0.1666666666666666,0.0
207,4982,4982,2978850,1,1,0,"['レインボー', 'ブリッジ', '国定', '公園']",公園,0.5,0.0
208,3348,3348,2255681,1,1,1,"['ザパドナーヤ', '川']",流入・流出河川,0.8333333333333334,0.0
209,3426,3426,2267968,1,1,1,['日本'],国,0.8333333333333334,0.0
210,6177,6177,407959,1,1,1,"['Cocibolca', '湖']",別名,0.5,0.0
211,262,262,1054775,1,0,0,['North'],湖岸の地域区分,0.1666666666666666,0.0
212,2856,2856,196428,1,0,0,['市'],湖岸の地域区分,0.1666666666666666,0.0
213,720,720,1186616,0,0,0,['湖'],種類,0.1666666666666666,0.0
214,5950,5950,3550700,1,1,0,"['西経', '105', '度', '15', '分', '02', '秒']",座標・経度,0.6666666666666666,0.0
215,2277,2277,183867,1,0,0,"['幸', 'の', '湖', '（', 'さ', 'ちの', 'うみ']",名前の謂れ,0.1666666666666666,0.0
216,5426,5426,3249598,1,0,1,['ダイサギ'],動物,0.3333333333333333,0.0
217,3069,3069,2040069,1,1,1,"['ナタ', '川']",流入・流出河川,0.6666666666666666,0.0
218,2309,2309,183867,0,0,0,['フナ'],別名,0.1666666666666666,0.0
219,4834,4834,2978850,1,0,0,"['上流', '州', 'が', '下流', '州']",所在地,0.3333333333333333,0.0
220,7265,7265,54796,0,0,1,['アクタウ'],湖岸の地域区分,0.3333333333333333,0.0
221,5969,5969,3550700,1,1,1,"['フォンデュラク', '川']",流入・流出河川,0.8333333333333334,0.0
222,1352,1352,1452758,0,0,0,"['アルティプラーノ', '南西']",所在地,0.1666666666666666,0.0
223,4476,4476,27167,0,0,0,"['支笏湖', 'を', '「', 'シコッペッ', '[', '8', ']（', '支笏川', '、', '現在', 'の', '千歳', '川', '）', 'の', '水源', 'の', '湖', '」', 'の', '意', 'で', '「', 'シコットホ', '[', '9', ']」（', 'シ', 'コツ', '川', '・', 'その', '湖', '）', 'あるいは', '「', 'シコット', '[', '10', ']」（', 'シ', 'コツ', '川', '・', '湖', '）', 'と', '呼び', '[', '11', ']、', '改まっ', 'た', '場合', 'に', 'は', '「', 'シコテムコ・エアン・パラト', '」', '（', 'シコツ', '川', 'の', '・', '水源', '・', 'そこ', 'に', '・', 'ある', '・', '広い', '湖', '）', 'と', '称え', 'て', 'い', 'た', 'という']",名前の謂れ,0.1666666666666666,0.0
224,6683,6683,512545,0,0,0,"['埋め', '立']",湖岸の地域区分,0.1666666666666666,0.0
225,7816,7816,679269,0,0,0,"['面し', 'て', 'いる']",名前の謂れ,0.1666666666666666,0.0
226,6642,6642,512545,0,0,0,"['千波', '公園']",観光地,0.1666666666666666,0.0
227,3711,3711,2354120,1,0,0,"['処女', '湖']",種類,0.1666666666666666,0.0
228,4191,4191,2493111,0,0,0,"['埼玉', '郡']",所在地,0.1666666666666666,0.0
229,1938,1938,1681666,1,1,1,['Zugersee'],別名,0.6666666666666666,0.0
230,7873,7873,687963,1,1,0,"['後川内', '川']",流入・流出河川,0.8333333333333334,0.0
231,1812,1812,159245,1,0,0,['長'],幅,0.1666666666666666,0.0
232,4235,4235,2519245,1,1,0,"['北緯', '30', '度', '34', '分']",座標・緯度,0.5,0.0
233,1996,1996,1690143,1,0,0,"['47', '.', '866667']",座標・緯度,0.1666666666666666,0.0
234,3456,3456,2267968,0,0,0,"['世界', 'ジオパーク']",公園,0.1666666666666666,0.0
235,3401,3401,2255681,0,0,1,"['1', ',', '760', '▁', 'sq', '▁', 'mi']",面積,0.3333333333333333,0.0
236,1065,1065,141263,1,1,1,"['ヤマト', 'シジミ']",動物,0.5,0.0
237,1287,1287,143182,1,0,0,"['断層', '湖']",形成時期,0.1666666666666666,0.0
238,7455,7455,54796,0,0,0,"['Caspian', '▁', 'Sea']",動物,0.1666666666666666,0.0
239,7152,7152,54796,0,0,1,"['メディア', '王国']",国,0.1666666666666666,0.0
240,8454,8454,951230,1,0,0,['海草'],植物,0.1666666666666666,0.0
241,1301,1301,143182,0,0,0,"['木崎', 'マス']",別名,0.1666666666666666,0.0
242,3541,3541,2267968,1,0,0,"['湊宮', '地区']",湖岸の地域区分,0.1666666666666666,0.0
243,339,339,1096642,0,0,0,"['周囲', '堤']",種類,0.1666666666666666,0.0
244,4641,4641,2802797,0,0,0,"['Lago', '▁', 'Cami']",動物,0.1666666666666666,0.0
245,1074,1074,141263,0,0,0,['白鳥'],動物,0.1666666666666666,0.0
246,5962,5962,3550700,1,0,0,['ブラック'],島,0.1666666666666666,0.0
247,5497,5497,3249598,0,0,0,"['ツル', 'シギ']",構成する湖沼,0.1666666666666666,0.0
248,3827,3827,2378497,1,1,0,"['北緯', '64', '.', '617', '度']",座標・緯度,0.6666666666666666,0.0
249,6749,6749,530799,0,1,1,"['約', '1540', 'm']",周囲長,0.8333333333333334,0.0
250,2307,2307,183867,0,0,0,['ウグイ'],別名,0.1666666666666666,0.0
251,7044,7044,54796,1,1,1,"['アゼルバイジャン', '共和', '国']",国,0.8333333333333334,0.0
252,7757,7757,666576,0,0,0,['カルガモ'],別名,0.1666666666666666,0.0
253,5303,5303,312243,0,0,1,"['ローヴ', '運河']",流入・流出河川,0.1666666666666666,0.0
254,3696,3696,2354120,0,0,0,"['0', '.', '8', '▁', 'm']",成因,0.1666666666666666,0.0
255,4408,4408,27167,0,0,0,['モラップ山'],流入・流出河川,0.1666666666666666,0.0
256,6442,6442,443223,1,1,1,"['Danau', '▁', 'Toba']",別名,0.6666666666666666,0.0
257,3645,3645,2280167,0,0,0,"['東経', '21', '.', '033', '度']",幅,0.1666666666666666,0.0
258,5441,5441,3249598,1,1,1,['フナ'],動物,0.6666666666666666,0.0
259,7771,7771,666576,0,0,0,"['アマ', 'サギ']",別名,0.1666666666666666,0.0
260,3966,3966,2388853,1,0,0,['村'],所在地,0.1666666666666666,0.0
261,851,851,1303518,1,1,0,"['東経', '167', '度', '48', '分', '0', '秒']",座標・経度,0.5,0.0
262,3298,3298,2239242,0,0,0,"['8', '.', '4']",面積,0.1666666666666666,0.0
263,2541,2541,192531,0,0,0,"['74', '▁', 'mi']",動物,0.1666666666666666,0.0
264,6251,6251,427667,0,0,0,['ガリラヤ'],所在地,0.1666666666666666,0.0
265,3215,3215,2197972,1,0,0,"['羽咋', '市', 'から', '中', '能登', '町', '・', '七尾', '市', 'にかけて', '延びる', '邑知潟', '地溝', '帯', 'の', '南西', '部']",所在地,0.3333333333333333,0.0
266,342,342,1096642,0,0,1,"['調節', '池']",種類,0.1666666666666666,0.0
267,5244,5244,3113847,0,0,0,"['旧', '忍', '川']",流入・流出河川,0.1666666666666666,0.0
268,6032,6032,3608508,1,1,0,"['西経', '71', '度', '38', '分', '40', '秒']",座標・経度,0.6666666666666666,0.0
269,5491,5491,3249598,0,0,0,"['水尻', '池']",構成する湖沼,0.1666666666666666,0.0
270,1183,1183,143182,0,1,1,"['きざ', 'きこ']",読み,0.8333333333333334,0.0
271,6518,6518,470196,1,0,0,"['東霧島', '（', 'つま', 'きり', 'しま', '）', '神社']",観光地,0.1666666666666666,0.0
272,2861,2861,196428,0,0,1,"['北', '印旛沼']",構成する湖沼,0.1666666666666666,0.0
273,5655,5655,3260984,0,0,0,"['1', ',', '270', '▁', 'km', '2']",面積,0.1666666666666666,0.0
274,5171,5171,3027103,0,0,0,"['1989', '年']",形成時期,0.1666666666666666,0.0
275,1993,1993,1690143,1,1,0,"['北緯', '47', '度', '54', '分', '42', '秒']",座標・緯度,0.5,0.0
276,3,3,1014896,1,1,1,"['こ', 'づつみにしいけ']",読み,0.8333333333333334,0.0
277,1509,1509,1463539,1,0,0,['汽水'],水質（淡水・汽水）,0.1666666666666666,0.0
278,4289,4289,252336,0,0,0,['コハクチョウ'],別名,0.1666666666666666,0.0
279,2259,2259,183867,1,1,1,['ヒメマス'],動物,0.6666666666666666,0.0
280,76,76,1050701,1,1,0,"['北緯', '34', '.', '92944', '度']",座標・緯度,0.6666666666666666,0.0
281,6296,6296,435939,1,0,0,"['1', 'メートル']",水面標高,0.3333333333333333,0.0
282,7853,7853,687963,1,0,0,"['藺牟田', '火山', 'の', '約', '50', '万', '～', '35', '万', '年', '前', 'の', '火山', '活動']",成因,0.1666666666666666,0.0
283,8480,8480,951230,0,0,0,['タコ'],別名,0.1666666666666666,0.0
284,7342,7342,54796,0,0,0,['キャビア'],別名,0.1666666666666666,0.0
285,16,16,1014896,1,1,1,['アンペライ'],植物,0.6666666666666666,0.0
286,8365,8365,951230,0,0,0,['水産庁'],動物,0.1666666666666666,0.0
287,2278,2278,183867,0,1,1,"['日光', '二荒', '山神', '社', '中宮祠']",観光地,0.6666666666666666,0.0
288,5442,5442,3249598,1,1,1,['オオタニシ'],動物,0.5,0.0
289,2958,2958,2032404,1,1,1,['トリニダード・トバゴ'],国,0.5,0.0
290,2310,2310,183867,0,0,0,['ヒメマス'],別名,0.1666666666666666,0.0
291,3799,3799,2358976,1,0,0,"['64', '.', '42000']",島,0.1666666666666666,0.0
292,4082,4082,2390786,1,0,0,['江花川'],流入・流出河川,0.1666666666666666,0.0
293,395,395,1096642,0,0,1,"['2003', '年度']",形成時期,0.1666666666666666,0.0
294,7316,7316,54796,0,0,1,['マハチカラ'],湖岸の地域区分,0.1666666666666666,0.0
295,5896,5896,3517196,0,0,0,"['東経', '136', '.', '727278', '度']",幅,0.1666666666666666,0.0
296,6429,6429,443223,0,0,0,"['北緯', '2', '度', '41', '分', '04', '秒']",島,0.1666666666666666,0.0
297,814,814,1303518,1,1,1,"['エグリントン', '川']",流入・流出河川,0.6666666666666666,0.0
298,8504,8504,951230,0,0,0,"['士族', 'の', '数', 'が', '官職', 'に', '比し', 'て', '多く', 'なっ', 'た', 'ため', 'に', '「', '失業', '士族', '」', 'の', '就農', 'を', '推進', 'し', 'て', 'い', 'た']",成因,0.1666666666666666,0.0
299,1981,1981,1690143,0,0,1,['ザルツカンマーグートエリア'],所在地,0.3333333333333333,0.0
300,6277,6277,435939,0,0,1,"['伊豆', '半島', 'の', '北西', '端', 'から', '北', 'へ', '突き出し', 'た', '大瀬崎', 'の', '先端']",所在地,0.1666666666666666,0.0
301,2492,2492,192531,0,0,0,['アトランティス'],所在地,0.1666666666666666,0.0
302,8137,8137,881742,1,0,0,"['ヴェーネルン', '湖']",種類,0.1666666666666666,0.0
303,4990,4990,2978850,1,0,0,"['3', ',', '628', 'フィート']",水面標高,0.3333333333333333,0.0
304,2363,2363,192531,1,0,0,"['171', '▁', 'm', '▁', '(', '561']",座標・緯度,0.1666666666666666,0.0
305,3094,3094,2040069,0,0,0,['塩'],産業,0.1666666666666666,0.0
306,2293,2293,183867,0,0,0,"['日光', '二荒', '山神', '社']",観光地,0.1666666666666666,0.0
307,3680,3680,2354120,1,1,0,"['35', '.', '44917']",座標・緯度,0.5,0.0
308,2728,2728,196428,0,1,1,"['河川', 'による', '堰', '止', '湖']",成因,0.5,0.0
309,6419,6419,443223,1,1,0,"['東経', '98', '.', '8756', '度']",座標・経度,0.6666666666666666,0.0
310,4500,4500,27167,1,0,0,"['東経', '141', '度', '20', '分', '0', '秒']",幅,0.1666666666666666,0.0
311,2080,2080,172318,0,0,1,"['入り江', 'の', '沢']",流入・流出河川,0.3333333333333333,0.0
312,2031,2031,172318,1,1,0,"['東経', '143', '.', '87583', '度']",座標・経度,0.5,0.0
313,1140,1140,1427572,0,1,1,"['福島', '県', '福島', '市', '土湯温泉', '町']",所在地,0.8333333333333334,0.0
314,6269,6269,427667,0,0,0,"['5', '.', '3', 'km']",周囲長,0.1666666666666666,0.0
315,5379,5379,3249598,1,0,0,"['35', '.', '5182389']",座標・緯度,0.3333333333333333,0.0
316,5349,5349,312243,0,0,0,"['東経', '5', '度', '06', '分', '50', '秒']",幅,0.1666666666666666,0.0
317,5216,5216,3113847,1,0,0,"['羽生', '市', '大字', '尾崎']",所在地,0.3333333333333333,0.0
318,6474,6474,443223,0,0,0,"['Danau', '▁', 'Toba']",動物,0.1666666666666666,0.0
319,420,420,1096642,0,0,0,"['さいたま', '市', '桜', '区']",湖岸の地域区分,0.1666666666666666,0.0
320,211,211,1054775,0,0,0,['オオクチバス'],別名,0.1666666666666666,0.0
321,8502,8502,951230,0,0,0,"['入', '浜', '塩田', '造成', 'に', '適し', 'た']",成因,0.1666666666666666,0.0
322,8212,8212,881742,0,0,1,"['淡水', '湖']",水質（淡水・汽水）,0.1666666666666666,0.0
323,5494,5494,3249598,0,0,0,"['水尻', '池']",構成する湖沼,0.1666666666666666,0.0
324,2578,2578,192615,0,1,1,"['カザフスタン', 'の', '東部']",国内位置,0.5,0.0
325,7337,7337,54796,0,0,0,['オオチョウザメ'],別名,0.1666666666666666,0.0
326,6010,6010,3550700,0,0,0,"['ファー', '島']",最大水深,0.1666666666666666,0.0
327,2530,2530,192531,0,0,1,['ヴァン'],湖岸の地域区分,0.1666666666666666,0.0
328,907,907,134839,0,1,1,['ヤウシュベツ川'],流入・流出河川,0.6666666666666666,0.0
329,4499,4499,27167,1,0,0,"['42', '.', '75000']",島,0.1666666666666666,0.0
330,5011,5011,2978850,1,0,0,"['、', '自然', '橋']",橋・トンネル,0.1666666666666666,0.0
331,7825,7825,679269,0,0,0,['ブオッシュ'],動物,0.1666666666666666,0.0
332,5722,5722,3299335,1,0,0,['水元公園'],観光地,0.3333333333333333,0.0
333,4064,4064,2390786,0,0,0,['サツマイモ'],植物,0.1666666666666666,0.0
334,4764,4764,2966274,0,0,0,"['赤沼', '温水', '溜池']",動物,0.1666666666666666,0.0
335,6382,6382,436539,1,0,0,"['東経', '14', '.', '07500', '度']",幅,0.1666666666666666,0.0
336,89,89,1050701,0,0,1,"['火山', 'の', '火口', 'に', '水', 'が', '溜まっ', 'た', 'もの']",成因,0.1666666666666666,0.0
337,4839,4839,2978850,1,0,0,"['アリゾナ', '州']",所在地,0.1666666666666666,0.0
338,4232,4232,2519245,0,0,0,['湖'],種類,0.1666666666666666,0.0
339,2253,2253,183867,1,1,1,['カワマス'],動物,0.6666666666666666,0.0
340,7683,7683,666576,0,1,1,"['上高津', '貝塚']",観光地,0.5,0.0
341,2716,2716,196428,1,1,1,"['湖沼', '水質', '保全', '特別', '措置', '法', '指定', '湖沼']",種類,0.5,0.0
342,5750,5750,3323513,0,1,1,"['バスク', '州']",所在地,0.8333333333333334,0.0
343,7648,7648,666291,0,1,1,"['384', '▁', 'm']",最大水深,0.5,0.0
344,6283,6283,435939,1,1,1,['池'],種類,0.6666666666666666,0.0
345,11,11,1014896,0,1,1,['カキツバタ'],植物,0.6666666666666666,0.0
346,3939,3939,2384665,0,0,0,"['136', '.', '86889']",幅,0.1666666666666666,0.0
347,5030,5030,2978850,1,1,0,"['2', ',', '500', '▁', 'km', '²']",面積,0.5,0.0
348,6003,6003,3550700,1,0,0,"['q', '▁', 'mi', ')', '水面', '標高', '281', '▁', 'm', '▁', '(', '92']",面積,0.1666666666666666,0.0
349,5350,5350,312243,0,0,0,"['東経', '5', '.', '11389', '度']",幅,0.1666666666666666,0.0
350,6925,6925,536433,0,0,0,"['まわり', 'ぜ', 'きおお', 'ため', 'いけ']",動物,0.1666666666666666,0.0
351,5690,5690,3260984,1,1,0,"['海面', '下', '43', 'm']",水面標高,0.5,0.0
352,2919,2919,2032404,1,0,0,"['トリニダード', '島']",最大水深,0.1666666666666666,0.0
353,1243,1243,143182,0,0,0,['花火'],動物,0.1666666666666666,0.0
354,8236,8236,951230,1,0,0,['干潟'],種類,0.3333333333333333,0.0
355,4685,4685,2966274,1,0,0,"['江戸', '時代', 'に', '開削', 'さ', 'れ', 'た', '農業', '用水路', '・', '塩沢', '堰', 'に', '施さ', 'れ', 'た', '改良', '事業', 'の', '一環', 'として', '建設', 'さ', 'れ', 'た', 'もの', 'で']",成因,0.1666666666666666,0.0
356,8277,8277,951230,1,1,1,['キアシシギ'],動物,0.6666666666666666,0.0
357,8437,8437,951230,1,0,0,['マツバウミジグサ'],植物,0.1666666666666666,0.0
358,3758,3758,2358976,1,1,0,"['西経', '17', '.', '33000', '度']",座標・経度,0.6666666666666666,0.0
359,2355,2355,183867,0,0,0,"['栃木', '県']",湖岸の地域区分,0.1666666666666666,0.0
360,5246,5246,312243,0,1,1,['フランス'],国,0.5,0.0
361,3599,3599,2280167,1,1,1,"['ゴレム・グラッド', '島']",島,0.6666666666666666,0.0
362,3570,3570,2280167,1,1,0,['マケドニア'],国,0.5,0.0
363,4722,4722,2966274,0,0,0,"['1969', '年']",形成時期,0.1666666666666666,0.0
364,7631,7631,666291,0,0,0,['降水'],水質（淡水・汽水）,0.1666666666666666,0.0
365,3502,3502,2267968,0,1,1,"['木津', '温泉']",観光地,0.5,0.0
366,3450,3450,2267968,1,1,1,"['くみ', 'は', 'まわ', 'ん']",読み,0.8333333333333334,0.0
367,4488,4488,27167,0,0,0,['製'],産業,0.1666666666666666,0.0
368,7707,7707,666576,1,1,1,['ヒドリガモ'],動物,0.6666666666666666,0.0
369,3083,3083,2040069,0,0,0,['スア・パン'],動物,0.1666666666666666,0.0
370,951,951,134839,1,0,0,"['根室', '市', '春', '国', '岱原生', '野鳥', '公園', 'ネイチャー', 'センター']",観光地,0.1666666666666666,0.0
371,4780,4780,2978850,0,0,0,['Lake'],別名,0.1666666666666666,0.0
372,5485,5485,3249598,1,1,1,"['3', 'km', '[', '2', ']', '▁', '▁', 'km']",周囲長,0.5,0.0
373,1174,1174,143182,1,1,0,"['東経', '137', '.', '83750', '度']",座標・経度,0.6666666666666666,0.0
374,1005,1005,141263,1,0,0,"['春', 'に', '水温', 'が', '上がら', 'ない', 'と', '不作', 'に', 'なる', 'という', '言い伝え', 'で', 'ある']",成因,0.1666666666666666,0.0
375,2220,2220,183867,0,0,0,"['北緯', '36', '.', '74056', '度']",島,0.1666666666666666,0.0
376,8139,8139,881742,0,0,0,"['森', 'または', '湖', 'の', '精', 'を', '意味', 'する']",名前の謂れ,0.1666666666666666,0.0
377,1797,1797,159245,1,0,0,"['国立', '公園', 'と', '州立', '公園']",公園,0.1666666666666666,0.0
378,3080,3080,2040069,1,0,1,['シマウマ'],動物,0.3333333333333333,0.0
379,6281,6281,435939,0,0,0,"['最長', '部', 'の', '直径']",長さ,0.1666666666666666,0.0
380,2505,2505,192531,0,0,1,['Zilan'],流入・流出河川,0.1666666666666666,0.0
381,7167,7167,54796,0,0,0,['アストラハン'],国,0.1666666666666666,0.0
382,5339,5339,312243,1,0,0,"['＝', 'レ', '＝', 'ランパール']",湖岸の地域区分,0.1666666666666666,0.0
383,3207,3207,2190009,1,1,0,"['へら', '鮒']",動物,0.5,0.0
384,2715,2715,196428,0,1,1,"['過', '栄養', '湖']",種類,0.6666666666666666,0.0
385,1497,1497,145876,0,1,1,"['51', '.', '5', '[', '3', ']', '▁', 'm']",平均水深,0.5,0.0
386,3218,3218,2197972,1,1,0,"['北緯', '36', '.', '92417', '度']",座標・緯度,0.6666666666666666,0.0
387,1415,1415,145876,0,1,1,"['磐梯', '朝日', '国立', '公園']",公園,0.6666666666666666,0.0
388,3914,3914,2384665,1,0,0,['山田川'],流入・流出河川,0.3333333333333333,0.0
389,7261,7261,54796,1,0,1,['バクー'],湖岸の地域区分,0.3333333333333333,0.0
390,7410,7410,54796,1,0,0,"['化学', '工業']",産業,0.3333333333333333,0.0
391,661,661,1163585,1,1,0,"['約', '6000', '年', '前']",形成時期,0.5,0.0
392,1366,1366,1452758,0,0,0,"['緑', 'の', '湖']",動物,0.1666666666666666,0.0
393,5298,5298,312243,1,0,0,"['le', '▁', 'c']",流入・流出河川,0.1666666666666666,0.0
394,900,900,134839,0,1,1,"['96', '▁', '▁', 'km']",周囲長,0.8333333333333334,0.0
395,1450,1450,145876,0,0,0,"['天神', '浜']",観光地,0.1666666666666666,0.0
396,7416,7416,54796,0,0,0,['製油'],産業,0.1666666666666666,0.0
397,7430,7430,54796,1,0,0,"['石油', '生産']",産業,0.3333333333333333,0.0
398,2378,2378,192531,1,0,0,['湖'],種類,0.3333333333333333,0.0
399,1915,1915,1681249,0,0,0,"['52', '.', '5572']",座標・緯度,0.1666666666666666,0.0
400,2410,2410,192531,1,0,0,"['r', '島']",島,0.1666666666666666,0.0
401,6918,6918,536433,1,0,0,"['タンチョウ', 'ヅル']",動物,0.3333333333333333,0.0
402,1036,1036,141263,0,0,0,"['ヤマト', 'シジミ']",別名,0.1666666666666666,0.0
403,4677,4677,2966274,1,1,1,['人造湖'],成因,0.5,0.0
404,5993,5993,3550700,1,0,0,"['西経', '105', '.', '25056', '度']",幅,0.1666666666666666,0.0
405,4362,4362,27167,1,0,0,"['枯木', 'など', 'が', 'ある', 'ため', '一', '度', '沈ん', 'だら', '浮かん', 'で', 'こ', 'ない']",成因,0.1666666666666666,0.0
406,2607,2607,192615,0,1,1,"['15', 'm']",最大水深,0.8333333333333334,0.0
407,280,280,1054775,1,0,0,"['西経', '71', '.', '84167', '度']",幅,0.1666666666666666,0.0
408,7422,7422,54796,0,0,0,['石油'],産業,0.1666666666666666,0.0
409,6378,6378,436539,0,0,0,"['東経', '14', '度', '04', '分', '30', '秒']",幅,0.1666666666666666,0.0
410,6,6,1014896,1,0,0,['水田'],種類,0.1666666666666666,0.0
411,6388,6388,436539,0,0,0,"['Lago', '▁', 'd', ""'"", 'Averno']",動物,0.1666666666666666,0.0
412,7,7,1014896,1,0,0,['灌漑'],種類,0.1666666666666666,0.0
413,923,923,134839,0,0,0,['ハマナス'],動物,0.1666666666666666,0.0
414,5774,5774,3323513,0,0,0,['水鳥'],動物,0.1666666666666666,0.0
415,1782,1782,159245,0,0,1,"['インディアナ', '州']",湖岸の地域区分,0.1666666666666666,0.0
416,3242,3242,2197972,1,0,0,"['北緯', '36', '.', '92417', '度']",島,0.1666666666666666,0.0
417,1054,1054,141263,1,1,0,['サケ'],動物,0.6666666666666666,0.0
418,5439,5439,3249598,1,1,1,['コイ'],動物,0.5,0.0
419,2829,2829,196428,1,1,1,"['0', '.', '7', '▁', 'm']",透明度,0.6666666666666666,0.0
420,7928,7928,687963,0,0,0,['オイカワ'],別名,0.1666666666666666,0.0
421,1017,1017,141263,1,0,0,['淡水'],水質（淡水・汽水）,0.3333333333333333,0.0
422,6969,6969,536433,0,0,0,['廻堰大溜池'],構成する湖沼,0.1666666666666666,0.0
423,6037,6037,3608508,0,1,1,"['0', '.', '25', 'km', '2']",面積,0.5,0.0
424,3355,3355,2255681,0,1,1,"['ビカーダ・ングオーマ', '川']",流入・流出河川,0.5,0.0
425,4110,4110,2392372,1,1,0,"['北緯', '33', '.', '18194', '度']",座標・緯度,0.6666666666666666,0.0
426,4838,4838,2978850,0,0,0,"['ユタ', '州']",所在地,0.1666666666666666,0.0
427,3545,3545,2267968,0,0,0,"['湊宮', '地区']",湖岸の地域区分,0.1666666666666666,0.0
428,6719,6719,530799,0,0,0,['ニホンミツバチ'],別名,0.1666666666666666,0.0
429,7303,7303,54796,0,0,1,['クラスノヴォツク'],湖岸の地域区分,0.1666666666666666,0.0
430,5904,5904,3517196,0,1,1,"['1115', '▁', '▁', 'm']",水面標高,0.8333333333333334,0.0
431,4686,4686,2966274,0,0,1,"['農業', '用水路', '・', '塩沢', '堰', 'に', '施さ', 'れ', 'た', '改良', '事業', 'の', '一環', 'として', '建設', 'さ', 'れ', 'た']",成因,0.1666666666666666,0.0
432,5133,5133,3027103,0,0,1,"['富士', 'パノラマ', 'ライン', 'の', '瀬', '之', '波', '橋', 'の', '真下', '付近']",所在地,0.1666666666666666,0.0
433,6935,6935,536433,0,0,1,['鶴の舞橋'],橋・トンネル,0.3333333333333333,0.0
434,5472,5472,3249598,0,0,1,"['オナガ', 'ガモ']",動物,0.1666666666666666,0.0
435,4601,4601,2802797,1,0,0,"['チレーナ', '州']",所在地,0.1666666666666666,0.0
436,5399,5399,3249598,1,1,0,['稲作'],産業,0.5,0.0
437,3438,3438,2267968,1,0,0,"['192', 'm']",水面標高,0.1666666666666666,0.0
438,1200,1200,143182,0,0,0,"['ゆ', 'ー', 'ぷる']",観光地,0.1666666666666666,0.0
439,5467,5467,3249598,0,0,0,"['水', '後', '池']",動物,0.1666666666666666,0.0
440,5550,5550,3249598,0,0,0,['マガン'],別名,0.1666666666666666,0.0
441,8615,8615,97785,1,1,1,"['ハンバー', '川']",流入・流出河川,0.8333333333333334,0.0
442,229,229,1054775,0,0,1,"['チャーゴグガゴグマンチャウグガゴグチャウバナガンガマウグ', '湖']",別名,0.1666666666666666,0.0
443,4106,4106,2392372,0,1,1,"['佐賀', '県', '武雄', '市', '永島']",所在地,0.8333333333333334,0.0
444,7496,7496,54796,0,0,1,"['北', 'カスピ海']",構成する湖沼,0.1666666666666666,0.0
445,8062,8062,838764,1,0,0,['貯水'],種類,0.1666666666666666,0.0
446,7584,7584,666291,0,0,0,['中国'],国,0.1666666666666666,0.0
447,367,367,1096642,1,0,1,"['幸', '魂', '大橋']",橋・トンネル,0.3333333333333333,0.0
448,6434,6434,443223,1,0,0,['スマトラ'],島,0.1666666666666666,0.0
449,334,334,1096642,1,1,1,"['調節', '池']",種類,0.8333333333333334,0.0
450,3791,3791,2358976,1,0,0,"['ヴァトナヨークトル', '氷河', 'の', '氷', '冠', 'の', '北西', '側', 'の', 'アイスランド', '中央', '高地']",所在地,0.3333333333333333,0.0
451,6904,6904,536433,1,1,1,"['つ', 'がる', 'ふじ', 'みこ']",読み,0.6666666666666666,0.0
452,6254,6254,427667,0,0,0,"['イスラエル', '北部']",所在地,0.1666666666666666,0.0
453,3415,3415,2255681,0,0,0,"['1964', '年']",形成時期,0.1666666666666666,0.0
454,666,666,1163585,0,0,1,"['約', '4000', '年', '前']",形成時期,0.1666666666666666,0.0
455,6960,6960,536433,1,0,0,"['東経', '140', '度', '23', '分', '46', '秒']",幅,0.1666666666666666,0.0
456,7406,7406,54796,1,0,0,['漁業'],産業,0.3333333333333333,0.0
457,4076,4076,2390786,0,1,1,"['鳥子', '川']",流入・流出河川,0.8333333333333334,0.0
458,3933,3933,2384665,0,0,0,"['36', '.', '50083']",島,0.1666666666666666,0.0
459,992,992,141263,1,1,0,"['東経', '141', '.', '333', '度']",座標・経度,0.6666666666666666,0.0
460,251,251,1054775,0,0,0,"['サウス', 'ポンド']",動物,0.1666666666666666,0.0
461,4687,4687,2966274,0,0,1,"['農業', '用', 'に', '建設', 'さ', 'れ', 'た', '人造湖']",成因,0.1666666666666666,0.0
462,4457,4457,27167,0,0,0,"['支笏湖', '湖水', 'まつり']",観光地,0.1666666666666666,0.0
463,3319,3319,2255681,1,0,0,"['ロシア', 'の']",所在地,0.1666666666666666,0.0
464,8110,8110,881742,0,0,0,['二'],別名,0.1666666666666666,0.0
465,2987,2987,2032404,0,0,0,['グアノコ'],湖岸の地域区分,0.1666666666666666,0.0
466,7896,7896,687963,0,0,0,"['藺牟田池', 'の', '泥炭', '形成', '植物', '群落']",動物,0.1666666666666666,0.0
467,7105,7105,54796,1,0,0,"['スタン', '25', 'x', '20']",国,0.1666666666666666,0.0
468,4162,4162,2433098,1,0,1,"['小林', '裏', '沼']",別名,0.3333333333333333,0.0
469,7215,7215,54796,1,1,1,['ロシア'],国,0.5,0.0
470,1281,1281,143182,1,0,0,"['1', '.', '69', '[', '1', ']', '▁', 'km', '2', '周囲', '長', '6', '.', '5']",面積,0.1666666666666666,0.0
471,1527,1527,1463539,0,0,0,['用'],成因,0.1666666666666666,0.0
472,7250,7250,54796,0,0,0,['イラン'],湖岸の地域区分,0.1666666666666666,0.0
473,2775,2775,196428,1,0,0,"['2', ',', '260']",最大水深,0.1666666666666666,0.0
474,297,297,1054775,1,0,0,"['フレンチ', '川']",流入・流出河川,0.3333333333333333,0.0
475,7508,7508,54796,0,0,0,"['古代', 'に', '南西', '岸', 'に', 'い', 'た', 'カス', '族', 'あるいは', 'カスピ', '族']",名前の謂れ,0.1666666666666666,0.0
476,5340,5340,312243,1,0,0,['Saint'],湖岸の地域区分,0.1666666666666666,0.0
477,2615,2615,192615,0,0,0,"['北緯', '48', '度', '00', '分']",島,0.1666666666666666,0.0
478,4832,4832,2978850,1,0,0,"['ワイオミング', '州']",所在地,0.3333333333333333,0.0
479,4707,4707,2966274,0,1,1,"['0', '.', '12', '平方キロメートル']",面積,0.8333333333333334,0.0
480,1391,1391,145876,1,1,0,"['東経', '140', '度', '06', '分']",座標・経度,0.6666666666666666,0.0
481,7145,7145,54796,0,0,0,['キャビア'],国,0.1666666666666666,0.0
482,5331,5331,312243,1,0,0,"['プロヴァンス', '＝', 'アルプ', '＝', 'コート']",湖岸の地域区分,0.1666666666666666,0.0
483,3678,3678,2354120,1,1,0,"['北緯', '35', '度', '26', '分', '57', '秒']",座標・緯度,0.6666666666666666,0.0
484,3072,3072,2040069,1,1,1,['ヌー'],動物,0.5,0.0
485,7231,7231,54796,0,0,1,['アゼルバイジャン'],国,0.1666666666666666,0.0
486,1621,1621,1570369,1,0,0,"['湖岸', 'の', '中西部', 'に', '位置', 'する', 'カンピ・ヤ・サマキ', 'の', '近く']",所在地,0.1666666666666666,0.0
487,2104,2104,172318,0,1,1,"['290', '▁', '▁', 'm']",水面標高,0.8333333333333334,0.0
488,6473,6473,443223,0,0,0,"['万', '年']",形成時期,0.1666666666666666,0.0
489,7627,7627,666291,0,0,0,"['東経', '128', '度', '03', '分', '25', '秒']",幅,0.1666666666666666,0.0
490,3266,3266,2202538,1,1,1,"['ミネハハ・クリーク', '川']",流入・流出河川,0.8333333333333334,0.0
491,6118,6118,399336,0,1,1,"['439', '▁', '▁', 'm']",水面標高,1.0,0.0
492,1173,1173,143182,1,1,0,"['東経', '137', '度', '50', '分', '15', '秒']",座標・経度,0.6666666666666666,0.0
493,572,572,1114951,1,0,0,"['下関', '鎮']",湖岸の地域区分,0.1666666666666666,0.0
494,6898,6898,536433,1,1,1,['人造湖'],種類,0.8333333333333334,0.0
495,4265,4265,252336,0,0,0,['釣り針'],動物,0.1666666666666666,0.0
496,4090,4090,2390786,1,0,0,['大'],構成する湖沼,0.1666666666666666,0.0
497,8061,8061,838764,0,1,1,['貯水池'],種類,0.5,0.0
498,6001,6001,3550700,1,1,1,"['34', '▁', 'mi']",長さ,0.5,0.0
499,5231,5231,3113847,0,0,1,['菖蒲'],植物,0.1666666666666666,0.0
500,5240,5240,3113847,1,0,0,"['忍', '城主', 'の', '阿部', '正', '允', 'により', '建て', 'られ', 'た']",成因,0.3333333333333333,0.0
501,7394,7394,54796,1,0,0,"['6', 'm']",平均水深,0.3333333333333333,0.0
502,6068,6068,376231,0,1,1,['湖'],種類,0.8333333333333334,0.0
503,58,58,1050701,0,0,0,['一碧湖'],別名,0.1666666666666666,0.0
504,6342,6342,436539,1,1,0,"['40', '.', '83833']",座標・緯度,0.5,0.0
505,4632,4632,2802797,1,1,0,"['98', 'km']",長さ,0.6666666666666666,0.0
506,1273,1273,143182,1,0,0,"['北緯', '36', '.', '55833', '度']",島,0.1666666666666666,0.0
507,5734,5734,3299335,1,0,0,"['35', '.', '788059']",座標・緯度,0.1666666666666666,0.0
508,417,417,1096642,0,0,0,"['旧', '建設省', 'により', '荒川', '中流', '域', 'における', '洪水', '･', '渇水', '対策', 'として', '計画', 'さ', 'れ', 'た']",成因,0.1666666666666666,0.0
509,1431,1431,145876,1,0,0,['水'],形成時期,0.1666666666666666,0.0
510,1447,1447,145876,1,0,0,"['志田', '浜']",観光地,0.3333333333333333,0.0
511,3484,3484,2267968,0,1,1,"['海面', '漁業']",産業,0.6666666666666666,0.0
512,3533,3533,2267968,0,0,0,['ハマグリ'],別名,0.1666666666666666,0.0
513,236,236,1054775,0,0,0,"['氷', '湖']",種類,0.1666666666666666,0.0
514,7869,7869,687963,0,0,1,"['ラムサール', '条約', '指定', '湿地']",種類,0.1666666666666666,0.0
515,4114,4114,2392372,1,1,0,"['33', '.', '18194']",座標・緯度,0.5,0.0
516,5603,5603,3249598,1,0,0,"['30', 'cm']",透明度,0.1666666666666666,0.0
517,5913,5913,3542688,1,1,1,['湖'],種類,0.8333333333333334,0.0
518,4808,4808,2978850,0,0,0,['カワホトトギスガイ'],別名,0.1666666666666666,0.0
519,2945,2945,2032404,1,0,0,['カーピンテリア'],所在地,0.1666666666666666,0.0
520,5036,5036,2978850,1,0,0,"['108', ',', '335', '▁', 'sq', '▁', 'mi']",面積,0.1666666666666666,0.0
521,2331,2331,183867,0,0,0,"['マス', '類']",別名,0.1666666666666666,0.0
522,2482,2482,192531,1,0,0,"['74', '▁', 'mi']",面積,0.1666666666666666,0.0
523,820,820,1303518,0,0,1,['テ・アナウ・ダウンズ'],湖岸の地域区分,0.1666666666666666,0.0
524,3114,3114,2159741,0,0,0,"['左', 'へ']",所在地,0.1666666666666666,0.0
525,8584,8584,97785,1,0,0,"['-', '77', '.', '900']",座標・経度,0.1666666666666666,0.0
526,4280,4280,252336,1,1,0,"['北緯', '36', '度', '15', '分', '27', '.', '7', '秒']",座標・緯度,0.5,0.0
527,7507,7507,54796,0,0,1,"['古代', 'に', '南西', '岸', 'に', 'い', 'た', 'カス', '族', 'あるいは', 'カスピ', '族', 'に', '由来', 'する']",名前の謂れ,0.1666666666666666,0.0
528,8109,8109,881742,0,0,0,['ハエ'],別名,0.1666666666666666,0.0
529,1830,1830,1594389,1,1,0,"['北緯', '36', '.', '81333', '度']",座標・緯度,0.6666666666666666,0.0
530,806,806,1303518,0,0,0,"['南緯', '45', '.', '20000', '度']",島,0.1666666666666666,0.0
531,5872,5872,3517196,1,0,0,"['込', '池']",種類,0.1666666666666666,0.0
532,8153,8153,881742,0,0,0,"['128', 'メートル']",平均水深,0.1666666666666666,0.0
533,6824,6824,530799,0,0,0,"['泥濘', '池']",動物,0.1666666666666666,0.0
534,6995,6995,54796,0,0,0,['海峡'],種類,0.1666666666666666,0.0
535,3378,3378,2255681,1,0,0,"['東経', '101', '度', '38', '分', '39', '秒']",幅,0.1666666666666666,0.0
536,4594,4594,2802797,1,0,0,"['南', 'アメリカ', '最南端']",所在地,0.1666666666666666,0.0
537,1027,1027,141263,0,0,0,['サケ'],別名,0.1666666666666666,0.0
538,3407,3407,2255681,0,0,0,"['20', '個']",貯水量,0.1666666666666666,0.0
539,7326,7326,54796,0,0,0,['羊'],別名,0.1666666666666666,0.0
540,5697,5697,3299335,1,1,0,"['東京', '都', '葛飾', '区', 'と', '埼玉', '県', '三郷', '市', 'と', 'の', '県境']",所在地,0.8333333333333334,0.0
541,3307,3307,2255681,0,0,0,"['Таймы', '́', 'р', '、', 'Таймы', '́', 'рское', '▁', 'о', '́', 'зеро']",別名,0.1666666666666666,0.0
542,5476,5476,3249598,0,0,0,"['Egretta', '▁', 'garzetta']",動物,0.1666666666666666,0.0
543,7819,7819,679269,0,0,0,"['214', '▁', 'm']",水深,0.1666666666666666,0.0
544,568,568,1114951,1,0,0,"['1', ',', '972', '▁', 'm']",最大水深,0.1666666666666666,0.0
545,1304,1304,143182,0,0,0,"['サクラ', 'マス']",別名,0.1666666666666666,0.0
546,6084,6084,376231,0,0,1,"['ブラック', 'バス']",動物,0.1666666666666666,0.0
547,1955,1955,1681666,0,1,1,"['シュヴィーツ', '州']",湖岸の地域区分,0.8333333333333334,0.0
548,1863,1863,1594389,0,0,0,"['北緯', '36', '度', '48', '分', '48', '秒']",島,0.1666666666666666,0.0
549,3024,3024,2035418,0,0,0,"['34', '.', '916500']",島,0.1666666666666666,0.0
550,196,196,1054775,0,1,1,"['145', '▁', '▁', 'm']",水面標高,1.0,0.0
551,6980,6980,54796,0,0,0,"['41', '.', '667']",座標・緯度,0.1666666666666666,0.0
552,3597,3597,2280167,0,0,0,['マケドニア'],島,0.1666666666666666,0.0
553,5117,5117,2978850,1,0,0,"['。', 'パウェル', 'という', '名前', 'は', '、', '南北戦争', 'の', '時', 'に', '右腕', 'を', '失っ', 'た', '退役', '兵', 'の', '探検', '家', 'ジョン', '・', 'ウェズリー・パウエル', 'に', '因む', 'もの', 'で']",名前の謂れ,0.1666666666666666,0.0
554,5662,5662,3260984,0,0,0,['m'],動物,0.1666666666666666,0.0
555,6747,6747,530799,0,0,0,"['まつ', 'が', 'さき', 'み', 'ど']",別名,0.1666666666666666,0.0
556,5808,5808,3415799,1,1,0,"['フレーザー', '川']",流入・流出河川,0.5,0.0
557,8343,8343,951230,0,0,0,['コアマモ'],動物,0.1666666666666666,0.0
558,6655,6655,512545,1,0,0,"['藤柄', '晴嵐']",観光地,0.1666666666666666,0.0
559,2994,2994,2035418,1,1,0,"['北緯', '34', '.', '916500', '度']",座標・緯度,0.6666666666666666,0.0
560,6727,6727,530799,0,0,0,['カダヤシ'],別名,0.1666666666666666,0.0
561,3332,3332,2255681,1,1,0,"['東経', '101', '.', '64417', '度']",座標・経度,0.6666666666666666,0.0
562,7611,7611,666291,0,0,0,"['約', '4', 'キロ']",周囲長,0.1666666666666666,0.0
563,8513,8513,960251,1,1,1,"['ルイジアナ', '州', '南東', '部']",所在地,0.8333333333333334,0.0
564,4389,4389,27167,1,1,1,"['20', '.', '90', 'km', '3']",貯水量,0.6666666666666666,0.0
565,4325,4325,2606120,0,0,0,"['駿河湾', 'に', '生じ', 'た', '砂嘴', 'の', '開口', '部', 'が', '閉じ', '次第に', '淡水', '化', 'し', 'た']",成因,0.1666666666666666,0.0
566,7264,7264,54796,1,0,0,['ラ'],湖岸の地域区分,0.1666666666666666,0.0
567,4179,4179,2433098,0,0,0,['北側'],流入・流出河川,0.1666666666666666,0.0
568,4234,4234,2519245,1,0,0,"['東湖', '桜', '花園']",植物,0.1666666666666666,0.0
569,1559,1559,1564352,0,0,0,"['山形', '県', '・', '新潟', '県境', 'の', '朝日山地']",所在地,0.1666666666666666,0.0
570,4309,4309,2606120,1,0,0,"['い', 'た', '-']",別名,0.3333333333333333,0.0
571,2680,2680,1954629,0,0,0,"['コンゴ', '川中', '流']",国内位置,0.1666666666666666,0.0
572,5083,5083,2978850,0,0,0,"['北緯', '36', '.', '93611', '度']",島,0.1666666666666666,0.0
573,2925,2925,2032404,0,1,1,"['天然', 'アスファルト', '湖']",種類,0.6666666666666666,0.0
574,706,706,1163585,1,0,0,"['たがい', '橋']",橋・トンネル,0.1666666666666666,0.0
575,1851,1851,1594389,0,1,1,['淡水'],水質（淡水・汽水）,1.0,0.0
576,1409,1409,145876,0,0,0,['ハクチョウ'],別名,0.1666666666666666,0.0
577,4372,4372,27167,0,0,0,['活火山'],種類,0.1666666666666666,0.0
578,1850,1850,1594389,0,0,1,['池'],種類,0.1666666666666666,0.0
579,3393,3393,2255681,0,0,0,"[']', '最大', '幅', '1']",長さ,0.1666666666666666,0.0
580,260,260,1054775,0,0,0,"['マサチューセッツ', '州']",湖岸の地域区分,0.1666666666666666,0.0
581,7796,7796,679269,1,0,0,"['ルツェルン', '州', '、', 'ウーリ', '州', '、', 'シュヴィーツ', '州']",所在地,0.1666666666666666,0.0
582,184,184,1054775,0,1,1,"['5', '.', '83', 'km', '2']",面積,0.8333333333333334,0.0
583,8346,8346,951230,0,0,0,['ホソウミヒルモ'],動物,0.1666666666666666,0.0
584,2282,2282,183867,0,0,0,['戦場ヶ原'],観光地,0.1666666666666666,0.0
585,3411,3411,2255681,1,0,0,"['6', '▁', 'm', '▁', '(', '20']",水面標高,0.1666666666666666,0.0
586,5155,5155,3027103,0,0,0,['西湖'],別名,0.1666666666666666,0.0
587,3159,3159,2159741,0,0,0,"['4', ',', '441', '▁', 'm', '▁', '(', '14', ',']",水面標高,0.1666666666666666,0.0
588,5608,5608,3260984,0,0,1,"['淡水', '湖']",水質（淡水・汽水）,0.1666666666666666,0.0
589,4724,4724,2966274,1,0,0,['時代'],形成時期,0.1666666666666666,0.0
590,3486,3486,2267968,0,0,0,['カ'],産業,0.1666666666666666,0.0
591,6131,6131,399336,1,1,1,['湖'],種類,0.6666666666666666,0.0
592,8566,8566,97785,0,1,1,['カナダ'],国,0.8333333333333334,0.0
593,747,747,1250740,0,0,1,"['セント', 'ポール', 'と', 'ミネアポリス', 'の', 'ツイン', 'シティ', 'から', '見', 'て', '北']",所在地,0.1666666666666666,0.0
594,3941,3941,2384665,0,0,0,"['東経', '136', '.', '86889', '度']",幅,0.1666666666666666,0.0
595,7155,7155,54796,0,0,1,"['モンゴル', '帝国']",国,0.1666666666666666,0.0
596,336,336,1096642,0,1,1,"['調節', '池']",種類,0.5,0.0
597,7456,7456,54796,0,0,0,"['ハザール', '海']",動物,0.1666666666666666,0.0
598,753,753,1250740,1,0,0,"['セント', 'ポール']",湖岸の地域区分,0.3333333333333333,0.0
599,3994,3994,2388853,1,0,0,['稲'],植物,0.3333333333333333,0.0
600,5735,5735,3299335,1,1,0,"['東経', '139', '度', '52', '分', '16', '秒']",座標・経度,0.6666666666666666,0.0
601,6720,6720,530799,0,0,0,"['ハナ', 'アブ']",別名,0.1666666666666666,0.0
602,1498,1498,145876,0,1,1,"['94', '.', '6', '[', '3', '][', '4', '][', '2', ']', '▁', 'm']",最大水深,0.5,0.0
603,1113,1113,141263,0,0,0,"['40', '.', '933']",島,0.1666666666666666,0.0
604,37,37,1014896,1,1,1,['コバネアオイトトンボ'],動物,0.5,0.0
605,7670,7670,666576,0,0,0,"['江戸', '時代', '以前', 'から', '台地', '上', 'の', '侵食', 'さ', 'れ', 'た', '谷', 'を', 'せき止め', '築造', 'さ', 'れ', '、']",成因,0.1666666666666666,0.0
606,1072,1072,141263,1,0,1,['白鳥'],動物,0.3333333333333333,0.0
607,8586,8586,97785,1,1,1,"['氷河', '湖']",成因,0.6666666666666666,0.0
608,8132,8132,881742,0,0,0,['ヴェステルイェートランド'],所在地,0.1666666666666666,0.0
609,2308,2308,183867,0,0,0,['コイ'],別名,0.1666666666666666,0.0
610,4865,4865,2978850,1,1,0,"['北緯', '37', '度', '17', '分', '22', '秒']",座標・緯度,0.5,0.0
611,3656,3656,2280167,0,0,0,"['Prespa', '▁', 'e', '▁', 'Madhe']",動物,0.1666666666666666,0.0
612,1905,1905,1681249,0,1,1,['アルメレ'],湖岸の地域区分,0.6666666666666666,0.0
613,2792,2792,196428,1,0,0,"['甚兵衛', '公園']",公園,0.1666666666666666,0.0
614,4751,4751,2966274,0,0,0,"['北緯', '36', '.', '1364833', '度']",島,0.1666666666666666,0.0
615,5299,5299,312243,0,0,1,"['le', '▁', 'canal', '▁', 'de', '▁', 'la', '▁', 'Durance']",流入・流出河川,0.1666666666666666,0.0
616,2704,2704,196428,1,0,0,"['1', '.', '7', '▁', 'm']",座標・緯度,0.1666666666666666,0.0
617,5285,5285,312243,0,1,1,"['0', '.', '4', 'm']",水面標高,0.5,0.0
618,6851,6851,530799,0,0,0,['ミツガシワ'],動物,0.1666666666666666,0.0
619,465,465,1114951,1,0,0,"['100', '.', '18750']",座標・経度,0.1666666666666666,0.0
620,4727,4727,2966274,1,1,1,"['0', '.', '00032', '[', '3', ']', '▁', 'km', '3']",貯水量,0.6666666666666666,0.0
621,3864,3864,2378497,1,0,0,"['北緯', '64', '.', '617', '度']",島,0.1666666666666666,0.0
622,3816,3816,2358976,1,0,0,"['kri', 'ː', 'msvœ', 'ʰ', 'tn', '̥']",読み,0.1666666666666666,0.0
623,5778,5778,3415799,1,1,1,"['Yellowhead', '▁', 'Lake']",別名,0.5,0.0
624,6323,6323,435939,0,0,0,"['駿河湾', 'を', '挟ん', 'で', '北方', 'およそ', '50', 'キロメートル', 'の', '富士山', 'から', '伏流', '水', 'が', '湧き出', 'て', 'いる']",成因,0.1666666666666666,0.0
625,730,730,1186616,1,0,0,"['ロサンゼルス', '市']",湖岸の地域区分,0.3333333333333333,0.0
626,5541,5541,3249598,0,0,0,['ヒドリガモ'],別名,0.1666666666666666,0.0
627,8359,8359,951230,0,0,0,"['泡瀬', '干潟']",動物,0.1666666666666666,0.0
628,911,911,134839,1,0,0,"['アイヌ', '語', 'の', '「', 'シュンク・ニタイ', '」', '（', 'エゾマツ', '林', '）', 'が', '由来', 'の']",名前の謂れ,0.1666666666666666,0.0
629,4630,4630,2802797,0,0,0,"['-', '54', '.', '533']",島,0.1666666666666666,0.0
630,6649,6649,512545,0,0,0,"['吉田', '神社']",観光地,0.1666666666666666,0.0
631,46,46,1014896,0,0,0,['カルガモ'],別名,0.1666666666666666,0.0
632,4591,4591,2802797,1,1,1,"['カミ', '湖']",別名,0.5,0.0
633,7411,7411,54796,1,0,0,"['油田', '開発']",産業,0.1666666666666666,0.0
634,6861,6861,530799,1,1,0,"['東経', '135', '度', '46', '分', '7', '.', '4', '秒']",座標・経度,0.6666666666666666,0.0
635,2699,2699,196428,1,1,0,"['北緯', '35', '度', '48', '分', '0', '秒']",座標・緯度,0.6666666666666666,0.0
636,8636,8636,97785,1,0,0,"['-', '77', '.', '900']",幅,0.1666666666666666,0.0
637,2842,2842,196428,1,0,0,"['佐倉', '市街地']",湖岸の地域区分,0.1666666666666666,0.0
638,1194,1194,143182,1,0,0,['信濃川'],流入・流出河川,0.1666666666666666,0.0
639,2470,2470,192531,0,0,1,"['270', '▁', 'mi']",周囲長,0.1666666666666666,0.0
640,5532,5532,3249598,0,0,0,"['海', '跡', '湖']",形成時期,0.1666666666666666,0.0
641,5148,5148,3027103,0,0,0,"['138', '.', '62500']",座標・経度,0.1666666666666666,0.0
642,2623,2623,192615,0,0,0,"['105', '▁', 'km']",周囲長,0.1666666666666666,0.0
643,1859,1859,1594389,1,0,0,"['東経', '137', '.', '83472', '度']",幅,0.1666666666666666,0.0
644,3689,3689,2354120,1,0,0,['135'],座標・経度,0.1666666666666666,0.0
645,2585,2585,192615,1,1,0,"['700', '▁', 'sq', '▁', 'mi']",面積,0.5,0.0
646,6664,6664,512545,1,0,0,"['36', '.', '37000']",島,0.1666666666666666,0.0
647,2927,2927,2032404,0,0,0,"['アスファルト', '湖']",種類,0.1666666666666666,0.0
648,845,845,1303518,1,1,0,"['南緯', '45', '度', '12', '分', '0', '秒']",座標・緯度,0.5,0.0
649,5258,5258,312243,1,0,0,"['サン', '＝']",所在地,0.1666666666666666,0.0
650,5124,5124,2978850,0,1,1,"['132', '▁', 'ft']",平均水深,0.5,0.0
651,8010,8010,695828,1,1,1,"['0', '.', '312', '▁', 'km', '2']",面積,0.8333333333333334,0.0
652,2136,2136,1772665,1,1,0,"['北緯', '67', '度', '30', '分']",座標・緯度,0.8333333333333334,0.0
653,7366,7366,54796,0,0,0,['アクタウ'],所在地,0.1666666666666666,0.0
654,6300,6300,435939,1,1,0,"['北緯', '35', '.', '02944', '度']",座標・緯度,0.6666666666666666,0.0
655,8307,8307,951230,0,0,0,['カヌー'],動物,0.1666666666666666,0.0
656,6072,6072,376231,1,1,0,"['0', '.', '14', 'km', '2']",面積,0.6666666666666666,0.0
657,7806,7806,679269,1,1,1,['キュスナハト'],湖岸の地域区分,0.5,0.0
658,6168,6168,407959,0,1,1,"['8029', '▁', 'km', '2']",面積,0.8333333333333334,0.0
659,4149,4149,2392372,0,0,0,"['武雄温泉', 'ハイツ']",観光地,0.1666666666666666,0.0
660,3649,3649,2280167,0,0,1,"['地殻', '変動']",成因,0.1666666666666666,0.0
661,264,264,1054775,0,0,0,['ライム'],湖岸の地域区分,0.1666666666666666,0.0
662,4590,4590,2802797,1,1,1,"['Lago', '▁', 'Fagnano']",別名,0.6666666666666666,0.0
663,5410,5410,3249598,1,0,1,['オオハクチョウ'],動物,0.3333333333333333,0.0
664,7368,7368,54796,1,1,0,"['マーザンダラーン', '州']",所在地,0.5,0.0
665,767,767,1250740,1,1,1,['コクチバス'],動物,0.5,0.0
666,157,157,1050701,1,1,1,"['3', '.', '7', '[', '1', ']', '▁', '▁', 'km']",周囲長,0.6666666666666666,0.0
667,2502,2502,192531,0,0,1,['Hoşap'],流入・流出河川,0.1666666666666666,0.0
668,6933,6933,536433,1,0,0,"['富士見', '湖']",公園,0.1666666666666666,0.0
669,4095,4095,2390786,0,0,0,['タヌキ'],別名,0.1666666666666666,0.0
670,8599,8599,97785,1,1,1,"['Lake', '▁', 'Ontario']",別名,0.6666666666666666,0.0
671,8195,8195,881742,1,1,0,['豚'],動物,0.5,0.0
672,8330,8330,951230,0,0,0,['漫湖'],動物,0.1666666666666666,0.0
673,2389,2389,192531,1,0,0,['エルジシュ'],国,0.1666666666666666,0.0
674,2457,2457,192531,0,1,1,"['1', ',', '640', 'メートル']",水面標高,0.5,0.0
675,4794,4794,2978850,0,0,0,['ウォールアイ'],別名,0.1666666666666666,0.0
676,7414,7414,54796,1,0,0,['製油'],産業,0.1666666666666666,0.0
677,2016,2016,172318,1,0,0,"['北海道', '東部', '、', '網走', '管内', '網走', '郡', '津別', '町', '字', '沼沢']",所在地,0.3333333333333333,0.0
678,5423,5423,3249598,1,1,1,['ヒシクイ'],動物,0.6666666666666666,0.0
679,1631,1631,1570369,1,1,0,"['東経', '36', '度', '05', '分']",座標・経度,0.6666666666666666,0.0
680,1549,1549,1463539,0,0,0,"['平池', '1', '号', '墳']",観光地,0.1666666666666666,0.0
681,6562,6562,486835,1,1,1,"['ニヴァ', '川']",流入・流出河川,0.8333333333333334,0.0
682,885,885,134839,0,1,1,"['ラムサール', '条約', '登録', '湿地']",種類,0.5,0.0
683,2382,2382,192531,1,0,0,"['強', 'アルカリ性']",水質（淡水・汽水）,0.1666666666666666,0.0
684,3280,3280,2202538,1,0,0,['ミネアポリス'],公園,0.1666666666666666,0.0
685,1804,1804,159245,1,0,0,"['西経', '87', '度']",幅,0.1666666666666666,0.0
686,3341,3341,2255681,0,0,0,['ザパドナーヤ'],湖岸の地域区分,0.1666666666666666,0.0
687,2990,2990,2035418,1,1,1,"['愛知', '県', '半田', '市', '、', '阿久比', '町', '、', '常滑', '市', 'に', 'またがる']",所在地,0.6666666666666666,0.0
688,3983,3983,2388853,1,1,1,"['13', '▁', 'km', '2']",面積,1.0,0.0
689,1860,1860,1594389,0,0,0,"['東経', '137', '度', '50', '分', '5', '秒']",幅,0.1666666666666666,0.0
690,4619,4619,2802797,0,0,0,['-'],幅,0.1666666666666666,0.0
691,4885,4885,2978850,0,1,1,"['サンフアン', '川']",流入・流出河川,0.8333333333333334,0.0
692,22,22,1014896,1,0,0,['カキツバタ'],植物,0.3333333333333333,0.0
693,7943,7943,695828,1,1,1,"['静岡', '県', '富士宮', '市']",所在地,0.8333333333333334,0.0
694,7662,7662,666576,1,1,0,"['東経', '140', '.', '163194', '度']",座標・経度,0.6666666666666666,0.0
695,7146,7146,54796,1,0,0,['ロシア'],国,0.3333333333333333,0.0
696,3972,3972,2388853,1,0,0,"['33', '.']",座標・緯度,0.1666666666666666,0.0
697,4925,4925,2978850,1,0,0,"['アリゾナ', '州']",湖岸の地域区分,0.1666666666666666,0.0
698,2341,2341,183867,1,0,0,"['4', 'km']",面積,0.1666666666666666,0.0
699,1374,1374,145876,1,1,1,"['福島', '県', '会津若松', '市', '・', '郡山', '市', '・', '耶麻', '郡', '猪苗代', '町']",所在地,0.5,0.0
700,3214,3214,2197972,0,0,1,"['能登半島', '基部']",所在地,0.1666666666666666,0.0
701,1456,1456,145876,0,0,0,"['ヶ', '浜']",観光地,0.1666666666666666,0.0
702,5549,5549,3249598,0,0,0,['カワウ'],別名,0.1666666666666666,0.0
703,3788,3788,2358976,1,0,0,['IS'],所在地,0.1666666666666666,0.0
704,43,43,1014896,1,1,0,"['東経', '137', '度', '3', '分', '25', '.', '48', '秒']",座標・経度,0.6666666666666666,0.0
705,5378,5378,3249598,1,0,0,"['35', '.', '5182389']",座標・緯度,0.3333333333333333,0.0
706,2766,2766,196428,1,0,0,"['北', '印旛沼']",流入・流出河川,0.1666666666666666,0.0
707,5686,5686,3260984,1,0,0,"['30', '.', '66528']",座標・経度,0.1666666666666666,0.0
708,534,534,1114951,0,0,0,"['昆', '彌', '川']",動物,0.1666666666666666,0.0
709,7776,7776,666576,0,1,1,['ハス'],植物,0.5,0.0
710,7814,7814,679269,0,0,1,"['「', '4', 'つ', 'の', '森', 'の', '州', '(', 'カントン', ')', 'の', '湖', '」', 'の', '意味']",名前の謂れ,0.3333333333333333,0.0
711,3824,3824,2378497,0,0,0,['Hvítarvá'],別名,0.1666666666666666,0.0
712,8510,8510,951230,1,0,0,"['具志川', '・', '与', '勝', '方面']",公園,0.1666666666666666,0.0
713,571,571,1114951,1,0,0,"['胡蝶', '泉']",観光地,0.1666666666666666,0.0
714,728,728,1186616,0,0,0,"['ロサンゼルス', '送水', '路']",流入・流出河川,0.1666666666666666,0.0
715,2402,2402,192531,0,0,0,"['北緯', '38', '度', '38', '分']",島,0.1666666666666666,0.0
716,5064,5064,2978850,1,0,1,['イガイ'],動物,0.3333333333333333,0.0
717,1430,1430,145876,1,0,0,"['水', '淡']",形成時期,0.1666666666666666,0.0
718,4755,4755,2966274,1,0,0,"['東経', '138', '.', '2682833', '度']",幅,0.1666666666666666,0.0
719,6114,6114,399336,1,1,1,"['19', '.', '39', '▁', 'km', '2']",面積,1.0,0.0
720,8181,8181,881742,1,1,0,"['製紙', '業']",産業,0.5,0.0
721,2511,2511,192531,0,0,0,"['430', '▁', 'km']",長さ,0.1666666666666666,0.0
722,8130,8130,881742,0,0,0,['Åmmeberg'],所在地,0.1666666666666666,0.0
723,1766,1766,159245,0,1,1,"['4871', 'km', '3']",貯水量,0.8333333333333334,0.0
724,625,625,1154671,1,0,0,"['北緯', '37', '度', '44', '分', '26', '秒']",島,0.1666666666666666,0.0
725,3987,3987,2388853,0,0,0,"['ため池', '百', '選']",種類,0.1666666666666666,0.0
726,5746,5746,3323513,0,0,0,['アオサギ'],別名,0.1666666666666666,0.0
727,7055,7055,54796,1,0,1,['ロシア'],国,0.3333333333333333,0.0
728,2737,2737,196428,1,1,1,"['印旛', '放水', '路']",流入・流出河川,0.6666666666666666,0.0
729,6182,6182,407959,0,0,0,"['甘い', '海']",別名,0.1666666666666666,0.0
730,3619,3619,2280167,1,1,0,"['Prespa', '▁', 'e', '▁', 'Madhe']",別名,0.5,0.0
731,3470,3470,2267968,1,0,1,['オオハクチョウ'],動物,0.3333333333333333,0.0
732,3865,3865,2378497,0,0,0,"['64', '.', '617']",島,0.1666666666666666,0.0
733,4866,4866,2978850,1,1,0,"['北緯', '37', '.', '28944', '度']",座標・緯度,0.5,0.0
734,7262,7262,54796,1,0,0,['アゼルバイジャン'],湖岸の地域区分,0.3333333333333333,0.0
735,7347,7347,54796,0,0,0,"['チョウザメ', '類']",別名,0.1666666666666666,0.0
736,118,118,1050701,0,0,1,['大池'],構成する湖沼,0.1666666666666666,0.0
737,5458,5458,3249598,1,0,1,['コサギ'],動物,0.3333333333333333,0.0
738,6950,6950,536433,1,0,0,['ヒバ'],植物,0.1666666666666666,0.0
739,4020,4020,2390786,1,0,0,"['須賀川', '市']",所在地,0.1666666666666666,0.0
740,4565,4565,2802797,0,0,0,"['チレーナ', '州']",湖岸の地域区分,0.1666666666666666,0.0
741,1416,1416,145876,0,0,0,['日本'],公園,0.1666666666666666,0.0
742,1597,1597,1564352,1,0,0,"['堰', '止', '湖']",形成時期,0.1666666666666666,0.0
743,3815,3815,2358976,0,0,1,"[""'"", 'kri', 'ː', 'msvœ', 'ʰ', 'tn', '̥']",読み,0.3333333333333333,0.0
744,1418,1418,145876,1,1,1,['長瀬川'],流入・流出河川,0.6666666666666666,0.0
745,2765,2765,196428,0,0,0,"['印旛', '捷', '水路', 'または', '中央', '排水', '路']",流入・流出河川,0.1666666666666666,0.0
746,314,314,1096642,1,1,1,"['あら', 'か', 'わ', 'だいいち', 'ち', 'ょうせつち']",読み,0.8333333333333334,0.0
747,2781,2781,196428,1,0,0,['アサザ'],動物,0.3333333333333333,0.0
748,3930,3930,2384665,0,0,0,"['自', '遊', 'の', '森']",動物,0.1666666666666666,0.0
749,6577,6577,486835,0,0,0,"['東経', '33', '度', '0', '分']",幅,0.1666666666666666,0.0
750,7118,7118,54796,0,0,1,['イラン'],国,0.1666666666666666,0.0
751,2709,2709,196428,1,1,0,"['東経', '140', '度', '15', '分', '0', '秒']",座標・経度,0.6666666666666666,0.0
752,946,946,134839,0,0,0,"['春', '国', '岱原生', '野鳥', '公園', 'ネイチャー', 'センター']",観光地,0.1666666666666666,0.0
753,4695,4695,2966274,0,0,0,['赤沼'],別名,0.1666666666666666,0.0
754,6218,6218,407959,1,0,0,"['パナマ', '運河']",流入・流出河川,0.3333333333333333,0.0
755,6557,6557,486835,1,1,0,"['東経', '33', '度', '0', '分']",座標・経度,0.6666666666666666,0.0
756,6468,6468,443223,0,0,0,"['60', 'km', '3']",貯水量,0.1666666666666666,0.0
757,7285,7285,54796,1,1,1,['バンダレ・アンザリー'],湖岸の地域区分,0.5,0.0
758,3844,3844,2378497,0,1,1,['アイスランド'],国,0.8333333333333334,0.0
759,4862,4862,2978850,0,0,0,"['132', '▁', 'ft']",座標・緯度,0.1666666666666666,0.0
760,2840,2840,196428,0,0,1,"['成田', '市']",湖岸の地域区分,0.3333333333333333,0.0
761,783,783,1303518,1,1,0,['ニュージーランド'],国,0.5,0.0
762,2984,2984,2032404,1,0,0,['マッキトリック'],湖岸の地域区分,0.1666666666666666,0.0
763,3126,3126,2159741,1,0,0,"['90', '.', '683']",座標・経度,0.3333333333333333,0.0
764,7885,7885,687963,0,0,1,['藺草'],植物,0.3333333333333333,0.0
765,4405,4405,27167,0,0,1,['千歳川'],流入・流出河川,0.3333333333333333,0.0
766,5756,5756,3323513,0,0,0,"['バスク', '州', '側', 'の', 'ギプス', 'コア', '県']",所在地,0.1666666666666666,0.0
767,8403,8403,951230,0,1,1,['ウミジグサ'],植物,0.5,0.0
768,8571,8571,97785,1,1,0,['カナダ'],国,0.6666666666666666,0.0
769,3153,3153,2159741,1,0,0,"['東経', '90', '度', '41', '分']",幅,0.1666666666666666,0.0
770,1010,1010,141263,1,1,1,"['堰', '止', '湖']",種類,0.8333333333333334,0.0
771,5413,5413,3249598,1,1,1,['ヒドリガモ'],動物,0.5,0.0
772,3607,3607,2280167,0,0,1,"['ゴーレム・グラッド', '島']",島,0.3333333333333333,0.0
773,5847,5847,3517196,1,1,1,['日本'],国,0.8333333333333334,0.0
774,8245,8245,951230,1,0,0,['干潟'],種類,0.1666666666666666,0.0
775,8128,8128,881742,0,0,0,['ヨンショーピング'],所在地,0.1666666666666666,0.0
776,5207,5207,3107872,0,0,0,"['埼玉', '県', '羽生', '市', 'の', '東部']",湖岸の地域区分,0.1666666666666666,0.0
777,7871,7871,687963,1,0,0,['湿地'],種類,0.1666666666666666,0.0
778,5787,5787,3415799,1,0,0,"['ブリティッシュコロンビア', '州', 'の', '北']",所在地,0.1666666666666666,0.0
779,8434,8434,951230,0,0,1,['ホソウミヒルモ'],植物,0.1666666666666666,0.0
780,7786,7786,679269,0,1,1,"['113', '.', '6', '▁', 'km', '2']",面積,1.0,0.0
781,5252,5252,312243,0,0,1,"['プロヴァンス', '＝', 'アルプ', '＝', 'コート', '・', 'ダジュール', '地域', '圏']",所在地,0.1666666666666666,0.0
782,7821,7821,679269,0,1,1,['淡水'],水質（淡水・汽水）,0.8333333333333334,0.0
783,3976,3976,2388853,1,1,0,"['東経', '132', '.', '74306', '度']",座標・経度,0.6666666666666666,0.0
784,7135,7135,54796,1,0,0,['トルクメニスタン'],国,0.1666666666666666,0.0
785,8048,8048,838764,1,1,0,"['東経', '131', '.', '25639', '度']",座標・経度,0.6666666666666666,0.0
786,7495,7495,54796,1,0,0,['トルクメンバシ'],構成する湖沼,0.1666666666666666,0.0
787,5753,5753,3323513,1,0,0,"['バスク', '州']",所在地,0.1666666666666666,0.0
788,7526,7526,54796,0,0,1,"['7', ',', '000', 'km']",周囲長,0.1666666666666666,0.0
789,3246,3246,2197972,1,0,0,"['東経', '136', '.', '81389', '度']",幅,0.1666666666666666,0.0
790,145,145,1050701,1,0,0,"['約', '4000', '年', '前']",形成時期,0.1666666666666666,0.0
791,8387,8387,951230,1,0,0,"['製塩', '業']",産業,0.3333333333333333,0.0
792,1003,1003,141263,0,0,0,"['六', 'ヶ所', '村', '海水', '漁協', 'が', '有し', '[', '18', ']、']",成因,0.1666666666666666,0.0
793,393,393,1096642,1,1,0,"['平成', '9', '年']",形成時期,0.5,0.0
794,8459,8459,951230,0,0,0,['泡瀬'],湖岸の地域区分,0.1666666666666666,0.0
795,1598,1598,1564352,0,0,0,"['昭和', '9', '年']",形成時期,0.1666666666666666,0.0
796,3896,3896,2384665,1,0,0,"['24', '▁', 'm']",成因,0.1666666666666666,0.0
797,2889,2889,196428,1,0,0,"['宗吾', '霊', '堂']",観光地,0.1666666666666666,0.0
798,190,190,1054775,1,0,0,"['約', '4', 'm']",最大水深,0.1666666666666666,0.0
799,880,880,134839,1,1,1,['汽水'],水質（淡水・汽水）,0.8333333333333334,0.0
800,4628,4628,2802797,1,0,0,"['南緯', '54', '度', '32', '分']",島,0.1666666666666666,0.0
801,4253,4253,252336,0,1,1,"['館林', '市']",所在地,0.5,0.0
802,5253,5253,312243,0,0,0,['地中海'],所在地,0.1666666666666666,0.0
803,3606,3606,2280167,1,0,0,"['m', '島']",島,0.1666666666666666,0.0
804,6395,6395,436539,0,1,1,"['60', '▁', 'm']",最大水深,0.6666666666666666,0.0
805,8436,8436,951230,0,0,0,['マツバウミジ'],植物,0.1666666666666666,0.0
806,3046,3046,2040069,0,0,0,['モモイロペリカン'],別名,0.1666666666666666,0.0
807,6810,6810,530799,1,0,0,['キショウブ'],動物,0.3333333333333333,0.0
808,5160,5160,3027103,0,0,0,"['北緯', '35', '.', '48861', '度']",島,0.1666666666666666,0.0
809,3256,3256,2202538,0,0,0,"['By', '▁', 'the', '▁', 'Waters', '▁', 'of', '▁', 'Minnetonka']",別名,0.1666666666666666,0.0
810,4118,4118,2392372,1,1,0,"['東経', '130', '度', '02', '分', '13', '秒']",座標・経度,0.6666666666666666,0.0
811,2852,2852,196428,1,0,0,['栄'],湖岸の地域区分,0.1666666666666666,0.0
812,1364,1364,1452758,0,0,0,"['Laguna', '▁', 'Verde']",動物,0.1666666666666666,0.0
813,6669,6669,512545,0,0,0,"['東経', '140', '.', '45972', '度']",幅,0.1666666666666666,0.0
814,4339,4339,27167,1,0,0,['日本'],国,0.1666666666666666,0.0
815,1545,1545,1463539,1,0,0,"['平池', '3', '号', '墳']",観光地,0.1666666666666666,0.0
816,5985,5985,3550700,0,1,1,['カナダ'],国,0.8333333333333334,0.0
817,5096,5096,2978850,0,0,0,"['.', '87222', '致命', '的', 'な']",幅,0.1666666666666666,0.0
818,514,514,1114951,1,0,0,"['西', '二', '河']",流入・流出河川,0.1666666666666666,0.0
819,1488,1488,145876,1,0,0,"['磐梯山', '山頂', 'から', 'み', 'た', '猪苗代湖']",成因,0.1666666666666666,0.0
820,1168,1168,143182,1,0,0,"['36', '.', '55833']",座標・緯度,0.3333333333333333,0.0
821,8100,8100,838764,1,0,0,['野依'],国,0.1666666666666666,0.0
822,3151,3151,2159741,1,0,0,"['北緯', '28', '.', '933', '度']",島,0.1666666666666666,0.0
823,6583,6583,486835,1,0,0,"['67', 'm']",水深,0.3333333333333333,0.0
824,1781,1781,159245,0,0,1,"['ミシガン', '州']",湖岸の地域区分,0.1666666666666666,0.0
825,8031,8031,695828,1,1,1,"['8', '▁', 'm']",平均水深,0.5,0.0
826,2053,2053,172318,1,0,0,"['アイヌ', '語', 'で', '「', '崖', 'を', '破っ', 'て', '水', 'が', '流れる', '所', '」', 'という', '意味', '。']",名前の謂れ,0.1666666666666666,0.0
827,3392,3392,2255681,0,0,0,"['i', ')', '▁', '[', '2']",長さ,0.1666666666666666,0.0
828,5022,5022,2978850,1,0,1,"['カイパロウィッツ', '高原']",観光地,0.3333333333333333,0.0
829,6528,6528,470196,0,0,0,['コガモ'],別名,0.1666666666666666,0.0
830,3886,3886,2384665,1,1,0,"['北緯', '36', '.', '50083', '度']",座標・緯度,0.6666666666666666,0.0
831,1465,1465,145876,0,0,0,['家族'],動物,0.1666666666666666,0.0
832,5514,5514,3249598,1,0,0,"['北緯', '35', '.', '5182389', '度']",島,0.1666666666666666,0.0
833,7351,7351,54796,0,0,0,['ウズボイ'],別名,0.1666666666666666,0.0
834,4922,4922,2978850,1,1,0,"['カリフォルニア', '州']",湖岸の地域区分,0.6666666666666666,0.0
835,4406,4406,27167,1,0,0,['千歳川'],流入・流出河川,0.3333333333333333,0.0
836,2422,2422,192531,0,1,1,"['74', '▁', 'mi']",幅,0.5,0.0
837,4910,4910,2978850,0,1,1,['アメリカ合衆国'],国,0.8333333333333334,0.0
838,4424,4424,27167,1,0,0,"['楓', '沢']",流入・流出河川,0.1666666666666666,0.0
839,1007,1007,141263,1,1,1,"['海', '跡', '湖']",種類,0.5,0.0
840,6379,6379,436539,0,0,0,"['東経', '14', '.', '07500', '度']",幅,0.1666666666666666,0.0
841,2418,2418,192531,0,0,0,['Türkçe'],別名,0.1666666666666666,0.0
842,2823,2823,196428,0,0,0,"['8910111213141516171819', '上水道']",周囲長,0.1666666666666666,0.0
843,2909,2909,2032404,1,1,0,"['西経', '61', '度', '37', '分', '41', '秒']",座標・経度,0.6666666666666666,0.0
844,1625,1625,1570369,1,1,0,"['北緯', '0', '度', '38', '分']",座標・緯度,0.6666666666666666,0.0
845,2264,2264,183867,1,1,0,"['Uroglena', '▁', 'americana']",動物,0.5,0.0
846,757,757,1250740,0,0,0,['ミネアポリス'],湖岸の地域区分,0.1666666666666666,0.0
847,1519,1519,1463539,1,0,0,"['平池', '野鳥', '観察', '公園']",公園,0.3333333333333333,0.0
848,2937,2937,2032404,1,0,0,"['トリニダード・トバゴ', '▁', 'トリニダード', '島', 'ラ', '・', 'ブレア']",所在地,0.1666666666666666,0.0
849,3668,3668,2280167,1,0,0,"['ブルガリア', '皇帝', 'サムイル', 'は', '小', 'プレス', 'パ', '湖', 'の', 'ギリシャ', '側', 'に', 'ある', 'アイオス・']",名前の謂れ,0.1666666666666666,0.0
850,8587,8587,97785,1,0,1,"['氷河', 'によって', '削ら', 'れ', 'て', '形成', 'さ', 'れ', 'た']",成因,0.3333333333333333,0.0
851,3101,3101,2040069,0,1,1,"['ボツワナ', '北部']",国内位置,0.5,0.0
852,1152,1152,1427572,1,1,0,"['北緯', '37', '度', '41', '分', '55', '秒']",座標・緯度,0.6666666666666666,0.0
853,6783,6783,530799,0,0,1,['トキソウ'],植物,0.3333333333333333,0.0
854,8219,8219,951230,1,1,1,"['沖縄', '県', '沖縄', '市']",所在地,0.8333333333333334,0.0
855,8380,8380,951230,1,0,0,"['製塩', '業']",産業,0.3333333333333333,0.0
856,5225,5225,3113847,1,1,1,"['尾崎', '沼']",別名,0.5,0.0
857,7175,7175,54796,0,0,0,['ペルシャ'],国,0.1666666666666666,0.0
858,1821,1821,1594389,1,1,1,"['長野', '県', '北安曇', '郡', '小谷', '村']",所在地,0.8333333333333334,0.0
859,7838,7838,687963,0,0,0,['川内川'],所在地,0.1666666666666666,0.0
860,913,913,134839,1,0,1,"['アイヌ', '語', 'の', '「', 'フーレ・ペツ', '」', '（', '赤い', '川', '）']",名前の謂れ,0.3333333333333333,0.0
861,2711,2711,196428,1,0,0,"['140', '.', '25000']",座標・経度,0.1666666666666666,0.0
862,8298,8298,951230,0,0,0,['ヒルムシロ'],動物,0.1666666666666666,0.0
863,4127,4127,2392372,1,0,0,['小池'],種類,0.1666666666666666,0.0
864,3687,3687,2354120,1,1,0,"['東経', '135', '度', '58', '分', '55', '秒']",座標・経度,0.6666666666666666,0.0
